Area Codes,Area Names,All Ages,0,1,2,3,4,5,6,7,8,9,10,11,12,13,14,15,16,17,18,19,20,21,22,23,24,25,26,27,28,29,30,31,32,33,34,35,36,37,38,39,40,41,42,43,44,45,46,47,48,49,50,51,52,53,54,55,56,57,58,59,60,61,62,63,64,65,66,67,68,69,70,71,72,73,74,75,76,77,78,79,80,81,82,83,84,85,86,87,88,89,90+
E01008144,Sheffield 001A,835,9,6,6,5,10,10,18,5,9,14,7,14,9,10,8,7,8,8,13,7,8,8,7,8,13,17,16,9,10,11,11,3,7,11,7,12,7,11,8,5,8,19,15,15,18,15,21,5,11,8,17,13,12,14,13,6,11,7,8,15,9,3,6,10,17,8,10,9,13,11,11,7,7,11,8,5,7,5,8,4,5,3,0,3,6,2,6,6,1,3,8
E01008145,Sheffield 001B,716,9,6,5,5,7,3,7,6,7,9,7,9,7,13,7,6,5,8,8,10,10,5,6,9,10,9,12,8,8,8,12,6,7,6,11,5,7,8,10,7,9,3,6,10,10,9,9,15,11,9,12,7,6,11,7,9,15,9,17,12,14,11,14,5,6,7,11,13,10,8,10,9,12,6,7,8,8,9,6,4,5,4,8,3,3,3,2,3,0,0,3
E01008148,Sheffield 001C,715,4,5,8,7,7,5,10,12,13,15,12,9,8,11,10,7,12,7,6,5,7,3,8,8,9,5,8,4,8,7,6,10,9,6,2,10,8,9,14,8,6,7,8,8,6,9,14,9,11,12,9,5,11,10,8,9,11,15,11,13,7,2,8,9,4,8,7,10,4,12,14,6,8,11,9,9,8,8,6,6,3,3,7,5,3,3,2,5,1,3,10
E01008149,Sheffield 001D,703,6,3,7,4,8,9,12,5,9,7,13,6,9,15,6,3,6,8,4,8,9,5,5,12,8,8,13,9,5,5,3,7,6,7,9,8,9,6,7,9,7,8,15,9,9,10,8,14,13,3,13,8,10,15,15,16,5,16,11,8,9,7,6,8,10,2,13,5,10,12,11,13,10,9,7,10,5,3,5,4,4,2,2,1,1,3,7,0,4,1,8
E01008150,Sheffield 001E,729,5,7,5,3,10,8,12,9,8,11,11,8,11,7,12,9,12,8,6,4,7,8,4,9,7,14,5,10,7,7,10,5,9,8,7,8,10,8,5,6,6,5,9,11,8,15,16,11,7,16,10,7,8,8,2,9,6,8,8,14,8,6,11,8,10,13,8,8,18,16,6,6,11,8,5,10,3,6,6,5,5,11,3,5,2,0,2,2,4,1,18
E01008142,Sheffield 002A,757,13,7,11,11,14,11,2,7,10,12,12,12,10,5,8,16,11,12,11,9,12,2,5,11,5,11,17,8,12,10,12,7,11,10,11,13,14,11,18,10,7,12,10,11,12,11,9,15,11,13,18,13,5,10,7,8,13,7,11,12,4,10,7,6,7,7,4,7,6,7,5,4,4,7,6,5,4,2,4,2,1,1,3,1,1,0,2,3,2,2,4
E01008143,Sheffield 002B,785,6,5,7,8,9,4,3,6,5,8,5,12,8,13,11,10,2,14,8,9,8,7,6,8,4,16,6,16,14,9,9,11,10,6,7,6,8,16,7,9,10,11,12,7,9,8,13,17,11,8,27,10,18,15,15,15,13,14,12,20,13,4,9,8,5,9,11,7,9,9,9,5,7,7,6,9,4,6,6,5,5,7,6,3,1,2,1,0,1,1,9
E01008146,Sheffield 002C,619,6,9,4,8,9,3,9,7,8,8,4,10,6,8,3,1,5,5,7,9,5,3,4,7,4,3,13,6,11,8,1,4,2,3,5,3,5,8,5,6,7,6,6,5,12,9,8,15,15,14,12,11,12,11,6,10,9,9,13,5,5,10,11,7,12,10,9,5,10,5,15,7,10,12,9,10,6,2,1,6,6,2,5,2,1,0,4,0,2,1,4
E01008147,Sheffield 002D,668,9,2,3,9,7,4,3,2,9,8,2,5,8,6,5,10,8,5,5,4,2,5,6,11,10,11,6,4,6,6,5,1,2,3,6,4,6,4,7,5,8,9,7,7,9,9,6,11,11,9,8,9,14,8,17,13,8,8,12,16,13,8,9,6,15,7,9,11,12,18,17,13,13,19,10,6,10,10,4,5,7,6,5,4,1,1,0,2,2,0,2
E01007888,Sheffield 003A,681,9,12,5,5,7,6,5,7,9,5,9,8,8,9,7,4,7,6,8,4,7,9,8,6,5,17,7,13,4,6,5,6,5,2,4,8,10,9,9,9,10,6,8,7,12,8,15,15,19,11,14,15,10,10,10,7,12,6,8,10,9,10,7,8,10,10,9,13,6,16,17,9,10,8,6,3,4,3,6,2,3,2,2,2,2,0,0,1,0,0,1
E01007892,Sheffield 003B,702,5,20,8,16,8,10,6,7,12,10,9,13,10,11,6,4,11,6,9,9,10,6,12,12,8,7,9,6,5,5,7,8,5,6,4,11,9,9,7,6,7,5,2,5,9,6,8,10,14,11,10,10,13,11,7,11,7,8,10,17,8,6,11,12,10,4,9,3,13,7,11,7,8,8,11,4,3,6,5,8,3,7,1,1,5,1,3,3,0,0,1
E01007893,Sheffield 003C,716,6,4,6,11,4,7,6,5,7,7,6,8,6,6,6,7,9,5,7,6,8,7,9,6,9,4,8,10,6,4,5,9,10,7,6,5,7,10,8,3,9,6,5,7,15,9,11,7,16,11,11,7,10,14,9,13,12,14,12,17,8,13,12,7,12,5,15,3,14,15,16,6,8,12,9,8,7,4,10,7,9,5,5,4,4,3,5,1,0,1,3
E01007898,Sheffield 003D,672,10,6,12,6,4,5,10,8,3,15,7,9,10,6,5,4,4,7,5,6,10,10,8,5,9,8,5,6,5,6,7,6,3,8,4,11,11,7,9,11,11,9,10,9,6,16,8,9,9,19,8,14,14,12,7,20,14,15,15,16,11,11,14,7,12,4,5,8,8,7,6,6,4,3,4,6,4,4,1,1,1,1,3,1,4,0,0,0,0,0,4
E01007899,Sheffield 003E,676,7,5,12,8,5,6,1,7,6,9,3,4,7,3,1,9,8,4,4,10,13,12,7,5,7,3,4,2,2,3,5,4,5,8,1,4,7,5,5,4,8,6,7,6,9,4,7,12,9,9,6,13,6,11,8,10,11,13,14,5,8,12,10,9,11,17,19,10,11,9,20,13,17,12,12,7,8,12,12,7,7,5,4,8,3,2,5,2,1,3,1
E01007900,Sheffield 003F,874,14,10,13,13,12,12,14,19,17,9,10,18,4,19,11,3,14,10,12,8,7,8,3,12,8,12,14,12,17,13,10,11,12,11,4,9,9,11,14,6,4,6,12,16,11,7,11,10,8,16,15,11,14,17,11,10,18,13,11,12,9,6,8,4,5,11,6,3,12,19,10,13,7,10,4,10,7,6,7,4,8,3,3,5,4,2,1,3,0,0,6
E01007901,Sheffield 003G,746,2,11,9,8,11,17,10,5,11,10,10,13,12,11,7,16,14,13,9,12,4,8,7,8,4,12,11,8,5,12,7,9,7,2,7,8,12,11,11,14,9,9,8,9,10,6,8,8,8,9,9,14,10,9,10,9,4,7,11,12,9,11,7,6,8,11,5,8,11,13,10,7,8,6,8,3,3,5,7,7,5,5,5,2,2,3,3,4,3,3,1
E01007887,Sheffield 004A,671,4,5,8,7,8,7,9,7,8,13,8,8,10,11,7,11,6,5,7,6,11,4,7,14,6,15,8,10,4,10,9,7,9,11,5,8,7,11,12,7,5,7,5,9,11,10,7,14,11,10,15,11,9,8,9,10,9,6,7,7,8,6,8,12,12,11,4,7,6,12,8,3,9,7,8,6,6,5,2,2,2,1,2,0,1,6,0,3,0,0,4
E01007889,Sheffield 004B,"1,307",11,15,16,17,15,19,16,16,22,19,20,18,26,17,19,21,19,14,22,13,13,12,14,11,12,7,17,27,15,13,15,13,9,10,14,17,16,12,9,17,16,20,21,21,31,28,26,31,34,22,26,21,18,17,22,17,21,24,17,16,16,6,16,10,9,12,7,10,17,11,17,13,10,13,8,2,7,2,6,4,5,3,3,3,5,1,5,3,2,1,3
E01007890,Sheffield 004C,686,2,2,4,7,4,9,9,9,10,6,13,14,9,13,8,1,9,6,6,3,6,8,5,6,6,11,5,6,5,7,10,3,5,5,10,6,7,3,7,7,8,6,7,11,7,13,11,16,11,11,14,9,13,8,7,9,12,7,10,9,5,14,11,17,12,9,7,7,4,6,14,6,10,15,13,8,6,9,4,3,6,4,4,6,4,2,3,0,1,0,5
E01007891,Sheffield 004D,725,4,5,3,4,3,7,3,7,8,4,9,9,10,9,15,4,5,3,8,8,7,7,12,6,10,12,10,11,8,9,5,1,6,3,4,6,2,6,5,7,3,9,6,8,12,8,11,5,9,13,7,10,9,11,13,9,13,10,11,11,11,10,9,6,9,8,12,17,17,8,17,11,13,17,13,7,8,11,6,7,14,11,1,8,10,1,2,1,1,1,5
E01007894,Sheffield 004E,675,8,5,8,7,3,10,10,9,12,15,8,6,6,7,8,5,9,3,3,5,10,8,6,5,7,7,12,14,12,14,6,8,9,9,7,9,4,7,10,8,9,10,15,5,15,9,6,14,20,10,9,9,6,9,12,10,10,8,14,5,7,3,10,8,10,7,10,6,7,5,5,9,7,3,7,2,4,3,2,6,5,4,9,1,3,0,2,1,2,0,3
E01007895,Sheffield 004F,699,5,3,8,7,7,7,3,5,6,11,7,5,7,4,6,5,6,8,8,6,5,7,6,7,10,10,11,10,10,8,8,5,11,4,3,9,5,4,8,6,9,4,8,6,5,14,10,21,12,19,9,12,8,9,10,12,9,10,8,8,15,10,9,9,11,6,15,3,6,5,8,9,15,8,6,6,6,11,9,7,9,10,9,2,5,3,4,3,2,1,3
E01007896,Sheffield 004G,594,2,2,0,1,2,7,7,7,4,4,3,5,8,2,7,6,7,8,6,7,8,10,6,6,6,4,6,3,3,3,3,3,2,8,5,6,7,8,5,5,5,5,7,9,4,8,13,10,14,9,13,8,10,6,7,11,11,9,9,5,10,11,11,11,16,15,11,12,13,12,9,9,13,7,4,6,2,8,2,3,4,7,2,5,2,4,4,3,0,1,2
E01007897,Sheffield 005A,655,2,3,6,3,2,5,2,6,9,5,4,3,8,6,5,11,7,12,6,8,12,7,8,6,9,5,4,7,4,3,2,5,4,5,5,4,1,8,2,0,4,4,4,3,6,15,11,9,11,10,15,15,7,11,11,7,7,4,10,11,7,5,8,9,7,4,5,13,20,11,17,7,16,21,14,17,14,16,7,7,5,6,1,3,2,4,4,9,4,0,3
E01008134,Sheffield 005B,616,3,7,5,4,3,10,1,6,4,7,4,3,6,2,5,3,3,5,6,3,6,8,7,7,3,10,5,13,4,8,4,6,6,2,7,10,5,10,7,5,5,4,3,2,2,9,8,9,9,9,16,15,7,10,12,12,16,5,12,8,5,10,9,9,10,14,9,9,13,11,20,3,12,5,9,6,6,7,5,6,7,1,3,6,3,3,2,3,4,1,9
E01008135,Sheffield 005C,828,11,14,6,8,8,6,5,6,9,6,10,8,5,6,8,7,4,3,11,13,10,10,9,6,11,11,22,15,14,14,9,11,10,9,8,8,10,13,9,17,12,4,12,8,11,10,15,14,10,13,15,16,13,15,8,15,14,19,13,8,10,13,18,4,6,9,8,9,13,15,9,12,10,4,7,4,4,9,3,9,7,4,3,4,1,1,1,0,2,2,2
E01008137,Sheffield 005D,689,2,5,5,7,4,9,6,8,6,7,5,2,12,9,2,4,3,4,6,4,6,2,8,8,4,9,12,8,6,9,5,6,8,2,5,6,7,9,8,4,11,6,8,5,10,8,6,8,12,8,11,12,13,8,14,13,10,5,5,13,14,13,6,6,10,9,12,16,7,14,15,4,13,11,15,5,8,12,6,9,10,8,8,6,3,8,3,3,3,0,4
E01008141,Sheffield 005E,773,5,6,11,8,11,3,7,3,6,7,16,6,8,7,3,7,10,5,9,6,11,10,4,6,6,10,8,8,10,6,6,11,6,9,7,5,6,10,6,4,11,11,16,9,8,13,10,6,10,10,11,11,21,8,20,7,8,12,9,5,12,7,16,11,14,12,7,10,10,12,13,9,18,11,11,8,4,9,3,11,8,10,8,8,2,1,4,4,2,2,7
E01008053,Sheffield 006A,664,11,4,8,6,10,7,9,4,10,3,2,14,12,13,6,13,8,11,6,10,9,12,5,7,6,10,9,9,14,8,2,4,9,8,5,4,9,5,5,8,7,4,11,11,13,14,7,7,14,17,8,6,6,9,8,10,8,7,7,11,9,9,2,6,8,9,7,13,8,10,9,3,6,8,4,3,4,3,5,3,10,4,3,4,4,3,1,1,0,4,1
E01008056,Sheffield 006B,722,7,10,10,12,7,7,11,9,12,11,13,13,8,7,12,9,11,12,7,12,9,6,7,5,7,15,11,9,7,10,6,10,11,11,5,4,5,8,7,7,10,9,9,15,4,9,10,12,14,9,8,9,9,16,13,9,11,11,10,6,9,7,6,3,1,9,4,9,7,12,6,9,6,6,7,5,5,2,6,5,1,2,7,6,0,5,1,1,0,1,11
E01008058,Sheffield 006C,740,6,7,4,9,8,6,5,10,9,10,8,6,8,10,10,6,9,12,5,3,5,9,6,9,7,13,10,8,5,5,13,12,9,14,6,7,7,5,4,6,6,7,7,6,9,14,13,12,15,10,18,11,12,14,11,17,17,17,13,15,9,14,6,7,8,4,7,3,11,6,8,16,3,6,8,6,7,6,4,7,4,5,5,0,5,2,4,4,2,5,3
E01008138,Sheffield 006D,640,4,8,3,5,10,6,9,10,12,10,7,6,7,8,7,11,3,9,8,7,6,11,4,5,5,9,6,3,3,6,7,4,4,11,6,11,9,4,9,9,7,2,7,7,13,7,9,8,13,4,7,13,6,11,11,9,13,7,19,4,4,10,8,7,7,5,8,9,15,11,9,7,5,5,5,4,5,6,6,9,3,3,5,2,6,0,3,2,1,1,10
E01008139,Sheffield 006E,759,11,5,17,7,9,3,7,8,6,15,12,10,9,7,9,6,6,7,6,8,6,7,5,6,10,12,14,22,15,15,4,7,5,7,9,6,7,8,10,5,9,9,7,5,12,13,15,13,11,11,13,7,10,10,9,11,12,9,10,9,8,3,7,8,10,6,6,8,8,11,8,7,9,8,13,8,5,11,8,6,9,5,3,6,3,5,5,4,4,0,4
E01007856,Sheffield 007A,571,8,12,9,8,12,12,13,8,10,12,11,8,16,9,7,6,5,5,6,4,7,11,6,5,13,6,11,6,5,7,8,15,6,6,7,8,6,7,7,7,7,6,7,1,11,8,5,9,5,9,7,7,11,8,8,7,10,6,4,12,5,7,5,4,3,4,7,7,5,2,4,3,4,2,4,4,3,2,3,1,1,2,0,1,1,0,0,2,1,0,1
E01008054,Sheffield 007B,640,10,7,12,16,16,12,12,11,16,18,16,11,6,8,11,6,10,11,9,8,13,8,9,5,10,13,11,12,13,9,12,8,7,4,9,5,4,11,5,7,5,4,6,8,7,10,7,7,12,11,12,6,4,7,9,9,5,12,7,10,6,3,6,4,3,3,5,3,2,4,3,2,3,3,5,3,1,6,1,1,0,2,0,0,1,3,3,0,3,0,2
E01008055,Sheffield 007C,753,8,15,16,17,12,15,18,14,19,8,19,23,18,13,15,11,11,3,7,5,5,9,7,10,13,10,17,11,9,11,14,9,7,17,9,10,8,12,8,5,7,7,6,7,5,8,11,7,4,9,9,9,9,12,10,9,8,8,9,10,4,3,3,12,4,10,5,8,5,7,3,4,2,4,2,6,1,4,3,4,3,7,4,3,2,2,3,0,0,1,2
E01008057,Sheffield 007D,724,12,15,14,8,19,17,9,12,11,9,16,15,15,7,15,11,9,9,9,8,9,11,12,9,6,17,9,8,8,5,10,11,11,12,4,10,15,12,7,8,8,12,13,10,8,13,11,10,13,16,5,10,7,13,11,5,13,12,3,6,7,6,5,5,6,4,4,4,4,5,4,4,4,6,4,1,2,2,3,2,2,2,0,0,0,1,0,3,0,0,1
E01008126,Sheffield 008A,727,5,4,7,7,7,5,8,6,9,8,5,8,7,9,4,10,7,12,6,7,9,6,6,10,8,3,5,2,4,2,8,7,8,10,4,5,8,2,7,6,4,9,4,9,10,10,16,15,17,16,13,14,10,15,8,6,11,12,14,14,10,10,10,9,10,8,7,11,6,12,14,15,17,16,14,7,5,11,8,7,6,4,3,3,2,4,2,1,0,2,5
E01008128,Sheffield 008C,900,8,8,12,13,10,21,6,10,11,11,6,8,7,7,7,13,4,8,10,7,8,8,6,4,6,19,12,3,8,10,6,10,6,11,4,16,13,11,14,14,15,12,14,10,15,13,14,16,14,18,22,14,21,9,15,11,13,17,12,14,10,13,14,11,11,10,13,11,9,16,19,9,6,11,8,8,6,9,5,6,4,5,7,4,4,1,0,2,2,1,0
E01008136,Sheffield 008D,701,8,5,10,14,10,8,8,5,7,15,6,5,12,13,9,7,7,7,11,6,7,7,7,13,7,4,7,3,3,3,11,8,8,7,7,6,7,14,11,6,7,8,8,9,9,12,12,15,9,11,11,5,7,10,14,7,9,9,9,19,12,6,8,6,4,8,15,10,8,12,11,4,7,7,7,6,7,4,8,4,6,6,2,0,4,7,1,0,1,0,1
E01008140,Sheffield 008E,949,7,8,12,15,11,14,12,16,22,14,16,15,12,11,7,11,7,9,7,7,10,13,4,8,8,15,10,8,6,6,8,10,13,14,12,20,12,11,17,16,10,9,20,26,19,14,16,14,15,10,14,9,17,14,13,8,10,5,20,9,16,10,9,6,9,7,10,5,7,11,14,8,6,7,8,10,9,4,7,10,5,6,7,4,3,4,9,5,2,4,1
E01033275,Sheffield 008F,878,11,8,13,12,7,10,18,10,16,13,13,19,18,10,10,14,11,12,7,7,15,4,4,11,14,20,11,18,12,11,8,13,13,9,8,4,15,14,14,7,8,11,17,14,12,18,23,23,21,13,13,18,12,9,10,16,9,14,11,11,15,8,3,13,12,6,6,11,3,5,13,6,2,5,4,3,1,4,2,2,1,0,0,0,0,4,1,0,1,0,0
E01033280,Sheffield 008G,813,6,7,5,8,10,11,9,11,11,10,13,12,12,8,12,14,11,6,8,10,6,9,8,9,6,7,13,4,10,10,4,10,4,8,12,11,8,8,14,13,12,6,24,7,10,14,16,9,18,18,10,9,20,13,19,13,13,12,12,10,14,10,13,8,9,9,10,7,14,11,4,6,8,4,4,6,7,3,3,6,4,3,2,1,1,3,3,2,2,2,1
E01008085,Sheffield 009A,686,3,9,9,10,10,9,7,8,9,11,12,14,9,4,7,10,9,10,7,7,13,9,9,11,9,11,13,8,15,12,4,9,7,4,6,8,11,8,10,10,12,2,7,8,7,10,10,13,11,8,10,9,7,9,8,14,12,11,5,5,10,9,6,6,6,4,4,9,7,7,11,6,7,7,8,5,2,8,3,5,0,0,2,2,0,1,1,1,0,2,8
E01008086,Sheffield 009B,633,9,10,11,14,9,10,12,12,12,8,7,11,9,11,10,5,7,10,3,5,6,9,4,7,11,5,3,6,5,10,5,6,10,10,13,3,10,16,7,7,6,7,4,3,3,13,8,11,13,12,11,6,11,13,10,5,9,11,6,5,7,7,10,4,8,6,3,2,2,5,8,6,7,4,2,3,3,7,4,5,3,5,3,5,0,1,1,0,0,3,4
E01008116,Sheffield 009C,631,6,8,11,14,15,9,5,9,8,9,9,8,11,8,11,15,12,10,13,9,7,10,5,8,6,15,8,7,11,8,5,7,4,10,4,6,5,3,4,4,11,8,6,6,5,6,7,12,10,4,9,4,12,8,13,10,6,6,9,8,12,7,6,8,5,7,7,3,9,5,7,7,3,4,4,0,7,8,7,1,2,2,2,2,1,0,1,2,0,2,3
E01008117,Sheffield 009D,675,8,13,5,8,3,9,13,7,5,12,12,12,17,11,6,9,11,17,5,8,12,4,6,6,8,8,10,11,10,11,6,10,13,8,5,3,10,7,8,5,10,14,6,10,11,7,6,9,7,9,8,15,9,11,6,10,8,5,5,6,10,6,8,6,9,6,5,9,6,8,5,9,6,11,6,7,5,3,1,1,2,1,3,2,2,4,0,2,4,1,3
E01008118,Sheffield 009E,692,9,12,9,11,11,4,8,17,7,17,18,20,14,12,7,5,7,5,4,3,8,5,9,6,7,11,14,13,7,8,9,9,5,5,6,7,12,8,7,11,4,3,10,5,3,7,15,13,10,8,9,10,9,8,9,5,10,10,7,10,4,4,10,10,7,8,4,4,5,4,10,8,6,6,4,8,8,5,4,11,4,5,4,4,7,1,0,3,1,0,1
E01008119,Sheffield 009F,597,11,4,14,6,10,11,16,21,8,12,14,11,11,9,10,5,9,9,7,6,9,9,6,5,3,11,8,12,11,8,5,1,5,6,4,7,8,6,8,8,4,5,6,5,5,6,11,7,8,10,6,11,12,11,11,6,6,3,4,5,3,7,9,3,3,6,5,5,4,11,4,4,3,2,4,2,3,6,3,4,0,4,6,3,2,1,1,0,0,1,2
E01008125,Sheffield 009G,749,10,4,9,3,6,12,20,13,9,15,12,11,12,12,5,12,12,13,10,7,8,2,10,7,11,10,7,14,12,4,8,7,6,9,8,9,8,6,5,4,9,6,10,3,10,13,12,15,11,16,9,11,10,9,10,16,8,7,9,10,8,7,9,7,6,10,6,8,11,12,9,8,5,8,8,5,4,7,3,6,2,5,3,1,0,7,3,7,1,2,5
E01007849,Sheffield 010A,"1,104",16,17,20,20,26,19,26,17,21,16,20,28,14,18,13,20,22,20,19,17,14,21,10,16,18,14,15,14,14,9,11,27,12,21,15,17,16,11,16,11,10,14,16,10,8,20,13,19,11,11,16,18,23,13,14,12,10,8,5,6,13,4,7,11,13,7,6,6,3,2,7,6,10,8,6,6,5,4,3,6,8,3,3,0,1,0,2,1,3,1,1
E01007857,Sheffield 010B,786,17,14,13,9,14,14,19,8,18,15,9,5,5,12,10,14,10,13,5,5,14,12,4,11,9,8,15,14,11,8,15,6,14,9,10,10,15,11,16,11,8,6,8,8,8,14,12,12,11,11,10,7,11,4,9,10,11,9,11,12,11,9,6,6,8,8,9,7,5,6,7,5,3,8,7,5,5,5,4,1,4,1,2,2,2,0,0,2,1,2,1
E01008059,Sheffield 010C,719,7,9,9,23,9,18,19,12,10,18,14,13,13,14,13,13,8,7,6,7,8,9,10,9,9,9,12,9,9,9,11,9,8,5,5,11,8,7,9,7,4,7,9,3,11,7,8,9,9,7,15,10,12,12,10,9,8,9,13,8,10,12,7,3,5,7,2,6,8,5,10,6,7,8,0,1,5,4,2,1,2,0,1,2,1,1,1,1,3,2,1
E01008060,Sheffield 010D,699,12,9,17,16,19,15,19,13,15,9,12,8,11,12,8,13,8,7,11,12,5,4,6,6,3,8,9,11,12,11,13,3,14,6,10,7,4,7,5,10,5,7,7,6,10,9,9,6,8,9,15,8,12,15,11,9,7,9,6,7,7,2,6,6,6,5,2,8,4,7,8,5,6,6,6,0,5,6,0,5,2,2,4,2,3,1,3,2,2,1,2
E01008061,Sheffield 011A,774,12,16,19,20,15,15,20,14,7,10,18,14,19,19,15,8,8,6,7,3,4,9,9,8,5,19,9,14,12,18,9,3,7,6,8,9,9,12,10,6,7,9,11,9,7,4,16,10,6,13,6,13,12,10,9,11,15,13,11,14,10,6,8,3,1,7,5,4,5,9,3,1,3,6,6,6,8,2,6,2,4,0,3,1,3,0,0,0,1,0,4
E01008063,Sheffield 011B,699,9,8,8,5,7,8,4,8,17,11,7,6,7,3,7,4,7,10,7,8,10,7,9,9,9,6,11,10,10,8,10,12,8,6,7,5,6,9,10,6,8,7,8,4,7,14,12,13,17,16,10,12,10,14,7,14,4,8,6,11,10,11,10,7,4,7,8,9,5,9,7,10,9,6,6,3,6,5,3,5,7,6,3,5,2,2,4,2,2,1,4
E01033277,Sheffield 011E,"1,334",17,28,18,21,25,29,31,28,30,16,29,27,25,20,13,14,22,14,12,12,8,16,13,13,11,21,30,21,20,21,25,21,29,24,17,19,20,14,16,20,12,15,15,15,18,13,18,18,20,14,15,16,14,14,15,13,15,13,7,22,12,16,9,11,14,5,9,7,11,16,13,11,4,10,6,6,5,8,8,4,3,5,1,2,4,1,5,5,0,0,11
E01008087,Sheffield 012A,681,4,13,4,6,2,11,5,5,7,8,6,7,8,3,4,3,9,6,7,10,2,4,7,15,8,6,8,9,12,11,7,7,4,4,5,6,13,12,11,13,7,7,7,9,2,17,15,6,6,9,15,17,4,14,11,15,10,11,16,16,9,6,12,8,8,6,9,7,9,2,6,6,12,3,6,8,4,5,9,5,7,3,4,8,8,2,0,0,1,0,2
E01008088,Sheffield 012B,657,5,7,6,6,9,9,8,4,8,6,2,7,6,5,10,8,3,4,6,5,7,4,4,10,7,13,6,15,9,4,8,12,17,6,9,5,6,9,11,6,9,13,1,4,8,6,14,13,10,15,6,13,13,10,14,12,10,7,3,14,5,4,11,8,6,9,6,3,10,5,15,4,9,7,3,5,5,4,5,7,9,8,6,3,3,1,3,1,2,0,3
E01008090,Sheffield 012C,762,15,22,13,15,16,15,16,19,14,16,8,6,5,10,5,8,4,10,8,6,4,8,11,10,10,13,12,17,10,14,11,12,6,9,9,8,8,7,8,9,6,7,7,8,18,10,9,16,12,9,12,11,7,8,14,11,8,8,6,9,12,7,8,11,9,6,6,6,10,6,5,3,8,3,7,2,5,3,9,3,4,1,1,0,1,0,2,0,0,0,1
E01008092,Sheffield 012D,706,18,7,10,15,9,9,12,10,8,4,12,9,8,6,6,7,2,7,6,4,6,6,6,4,5,15,9,8,10,14,8,11,5,6,16,9,14,11,7,9,5,8,10,10,10,13,9,20,14,14,16,13,10,9,15,9,11,9,7,7,8,7,5,6,7,6,6,3,5,6,8,8,7,7,3,4,2,1,4,2,2,0,1,5,3,5,6,4,0,2,6
E01008122,Sheffield 012E,715,17,22,7,11,14,14,9,17,13,16,17,6,18,10,8,7,8,10,8,7,14,14,10,9,14,11,9,9,5,9,18,10,11,10,7,9,6,6,10,7,14,10,3,5,10,9,8,6,12,8,4,9,13,5,7,11,10,8,4,12,4,7,6,4,7,4,3,1,5,5,3,2,1,2,4,6,3,4,4,1,8,1,5,5,2,5,3,3,0,1,1
E01008124,Sheffield 012F,718,29,19,23,15,19,13,16,17,13,12,9,8,10,7,7,10,7,8,5,5,9,5,6,7,9,14,21,14,14,17,15,13,9,13,12,12,10,11,7,9,9,14,8,6,9,9,7,7,10,6,9,8,4,4,12,8,7,5,5,4,6,6,6,7,4,4,8,6,3,6,1,5,3,1,2,5,2,1,1,0,2,2,3,1,0,0,0,0,0,0,3
E01007848,Sheffield 013A,901,10,15,13,15,7,22,17,18,17,10,13,12,19,13,24,9,9,12,12,13,12,5,8,15,12,13,13,14,11,13,8,17,15,10,9,9,13,11,13,6,10,10,12,10,5,11,14,21,7,15,13,12,5,8,7,6,15,8,7,10,11,8,9,12,11,9,4,11,7,9,10,13,4,2,7,6,7,4,5,5,4,3,3,5,2,1,4,1,3,2,6
E01007851,Sheffield 013B,694,5,7,10,8,14,7,10,14,15,12,18,20,13,10,16,13,12,12,17,13,15,7,13,14,12,8,11,13,7,9,8,13,9,12,10,8,7,3,7,11,13,12,9,8,8,5,4,8,10,5,7,7,9,6,8,6,5,3,7,4,5,3,11,4,5,8,4,10,4,6,6,6,1,4,2,2,5,2,3,3,1,0,2,2,1,0,0,4,0,1,2
E01007947,Sheffield 013C,825,12,8,10,6,5,13,12,11,8,21,12,8,11,6,8,10,4,8,6,10,7,10,6,8,6,8,6,7,2,5,9,8,9,14,5,6,8,12,7,7,4,8,14,13,8,12,16,22,24,16,20,14,22,7,23,11,9,12,14,18,12,10,12,16,9,8,11,7,6,11,8,7,6,6,3,9,5,4,7,2,3,7,1,4,4,4,4,6,0,1,6
E01007948,Sheffield 013D,802,15,10,16,15,13,15,22,10,17,16,24,19,14,17,18,15,22,17,14,14,15,10,11,6,7,6,7,9,7,10,5,14,14,9,8,10,7,10,6,12,8,8,13,7,7,12,6,6,6,7,14,9,15,14,8,9,6,12,4,4,3,7,11,6,8,5,2,3,8,5,6,6,2,6,3,4,2,3,6,4,2,4,3,1,3,0,2,2,1,0,3
E01008062,Sheffield 013E,817,12,12,9,9,17,23,16,19,19,15,21,17,18,14,14,15,9,18,17,12,12,9,7,9,11,15,16,11,13,17,11,7,10,4,10,12,11,8,13,9,9,5,7,8,8,11,9,11,10,14,2,8,6,7,8,13,6,11,7,7,7,9,6,3,10,10,3,7,7,5,5,6,3,5,3,3,4,3,2,3,1,1,1,2,1,3,0,3,1,0,12
E01007847,Sheffield 014A,653,9,8,12,9,5,6,9,5,8,7,6,6,8,4,3,4,4,1,10,2,9,4,6,8,9,10,12,9,10,9,8,7,6,8,11,7,7,5,9,8,10,3,6,10,6,11,6,14,17,19,13,7,10,10,10,12,8,6,6,10,9,5,7,9,6,3,8,3,4,7,9,11,9,8,3,9,7,3,8,6,8,1,4,3,2,4,5,3,0,4,3
E01007850,Sheffield 014B,729,7,7,5,10,7,5,8,11,5,9,8,7,4,12,9,7,9,6,7,9,9,7,7,11,17,15,10,10,10,10,11,7,9,10,12,5,8,8,5,6,6,4,4,7,6,14,14,9,6,12,16,11,13,10,11,13,9,10,10,8,8,10,11,7,6,9,5,8,14,10,9,8,8,5,12,10,5,7,7,8,7,5,2,1,3,0,3,1,3,1,4
E01007852,Sheffield 014C,766,6,8,6,8,17,6,7,12,9,3,6,13,12,11,8,7,8,7,9,7,12,6,8,10,8,15,13,13,20,15,6,10,8,15,10,17,12,9,20,10,12,9,11,10,7,9,4,12,15,9,16,14,15,15,8,8,8,9,9,9,9,11,8,8,15,4,5,6,3,10,8,8,7,5,7,1,4,11,6,2,3,2,3,1,2,0,0,0,0,0,1
E01007853,Sheffield 014D,862,11,14,13,9,8,14,6,13,11,11,9,2,7,6,2,10,9,8,10,11,5,8,11,13,13,21,16,23,25,14,15,12,11,7,12,9,12,11,12,14,13,7,11,7,15,19,9,15,13,11,13,12,10,12,9,13,8,14,7,6,10,10,10,8,4,8,8,5,7,9,7,4,13,15,7,7,6,7,4,8,1,5,1,5,5,1,2,2,0,0,11
E01007854,Sheffield 014E,770,14,8,17,13,7,15,15,12,19,13,14,13,11,14,12,7,12,7,11,12,9,8,6,9,13,14,8,18,9,13,8,13,9,8,16,5,10,11,5,12,23,15,21,13,15,10,12,11,10,11,8,12,8,10,8,9,6,13,8,3,6,3,8,5,5,8,7,8,6,4,2,5,4,5,1,4,3,1,3,1,1,0,1,0,0,0,0,1,0,0,2
E01007855,Sheffield 014F,"1,059",26,23,21,14,22,28,28,19,27,19,20,22,11,15,8,12,10,14,13,14,12,14,14,18,16,16,17,15,17,14,18,19,17,19,17,17,25,21,15,20,5,13,12,15,10,11,7,13,18,7,15,9,14,16,6,10,8,12,10,8,2,10,6,5,11,11,11,6,5,7,3,9,5,8,4,4,2,5,2,2,2,3,3,2,2,0,0,1,1,0,1
E01007941,Sheffield 015A,776,7,7,4,12,6,11,10,9,17,15,23,17,13,16,7,15,4,12,8,10,7,7,8,9,5,9,7,8,12,10,11,6,10,9,7,8,6,12,9,8,5,5,6,6,8,14,10,7,8,11,16,11,7,15,16,11,15,9,14,5,10,8,11,10,9,8,6,9,9,6,9,10,3,9,8,3,11,9,2,9,1,1,6,2,2,3,2,4,0,2,4
E01007945,Sheffield 015B,860,23,17,19,6,15,15,18,24,5,20,11,13,11,14,12,8,12,10,9,18,12,16,9,7,5,15,17,11,12,9,15,7,9,14,9,6,8,7,4,5,10,8,9,14,14,10,17,16,9,9,6,7,11,12,8,13,13,13,13,8,13,13,4,10,9,5,5,9,12,5,10,5,3,9,5,3,4,8,10,3,3,0,2,0,1,1,2,0,3,0,6
E01007946,Sheffield 015C,755,13,10,14,14,13,23,18,17,19,10,9,13,13,5,14,12,11,7,5,10,10,15,7,8,10,18,18,15,14,13,13,6,11,13,17,11,10,8,7,7,7,11,11,7,10,7,8,9,9,6,9,9,5,7,9,14,7,8,12,9,13,5,6,3,7,6,5,5,5,6,4,5,3,1,5,2,4,3,2,1,1,0,1,1,0,0,1,0,0,0,5
E01007950,Sheffield 015D,739,12,13,18,12,8,22,11,13,17,16,16,12,11,14,16,16,5,5,7,6,8,6,12,5,9,10,10,9,9,8,10,11,8,10,11,9,12,10,10,7,6,3,6,9,4,9,8,8,6,13,8,14,15,9,11,9,12,4,10,6,12,6,6,6,2,7,5,4,4,7,8,7,4,6,3,6,7,5,6,4,4,0,4,4,2,2,2,0,0,1,1
E01008123,Sheffield 015E,644,14,14,20,15,16,18,23,9,14,16,7,10,10,9,5,6,9,6,8,8,8,7,10,8,10,9,9,6,8,9,9,6,6,8,6,5,13,12,6,4,4,4,3,3,6,5,5,6,4,6,9,13,9,8,5,14,9,4,11,8,8,8,5,8,4,5,7,4,4,2,4,2,3,2,4,4,3,4,3,3,2,4,2,3,0,2,0,2,0,1,9
E01007987,Sheffield 016A,750,11,10,5,6,16,7,13,11,10,10,5,13,9,5,14,6,9,6,2,4,5,6,9,9,13,16,6,13,8,13,10,15,9,10,9,10,13,5,12,11,13,15,11,10,9,12,13,10,10,11,9,10,14,16,12,16,21,11,10,8,9,6,7,4,10,6,5,4,5,6,11,4,7,5,4,4,2,3,5,2,1,2,3,2,1,3,4,4,2,3,1
E01007988,Sheffield 016B,694,5,8,10,3,7,10,9,11,6,10,7,9,4,7,6,5,8,7,9,6,5,6,8,7,5,6,7,5,10,4,6,7,10,6,4,11,6,6,8,8,6,7,12,11,8,13,20,12,14,11,17,11,11,12,10,15,5,8,8,11,11,10,4,10,15,6,10,5,7,12,15,6,2,8,13,4,5,10,9,5,0,5,4,4,1,2,2,1,2,1,1
E01007989,Sheffield 016C,662,8,10,14,10,5,8,4,9,8,5,8,7,6,6,4,3,8,5,2,5,8,6,5,5,4,2,11,13,14,14,14,9,10,11,16,11,13,15,8,9,7,4,7,12,16,13,9,13,12,11,9,12,7,12,10,6,13,14,6,7,7,4,7,11,3,5,9,8,12,7,7,5,2,4,3,6,3,4,2,1,5,3,2,2,1,3,2,0,0,1,0
E01007991,Sheffield 016D,703,3,3,7,5,5,9,13,10,14,17,8,10,11,8,5,13,19,17,7,14,8,6,4,8,8,10,8,11,10,7,5,11,8,7,9,8,5,6,4,8,7,7,7,4,4,6,15,4,8,7,8,9,8,11,9,13,12,14,11,11,11,8,8,6,11,2,6,3,8,2,15,11,8,6,10,8,9,9,10,6,4,4,5,1,0,2,2,1,1,0,2
E01007995,Sheffield 017A,725,5,17,13,9,13,8,6,8,5,7,6,5,7,6,6,4,6,5,2,5,5,11,10,7,14,24,20,25,24,27,16,18,16,14,16,16,12,15,18,18,10,6,11,10,8,8,7,9,7,13,9,10,9,4,7,8,10,12,4,4,8,10,8,5,6,5,8,6,4,6,0,0,1,2,3,2,1,2,1,1,2,1,2,1,1,1,0,0,0,2,1
E01008089,Sheffield 017B,808,11,15,10,9,8,15,8,17,16,13,12,17,11,19,15,9,13,13,9,15,11,21,12,10,15,20,13,10,12,7,12,14,9,12,13,8,5,13,9,11,15,6,3,7,5,9,10,7,10,18,10,10,9,9,5,10,9,11,7,8,6,10,6,4,7,1,9,3,8,7,6,5,10,4,4,3,2,1,5,1,4,6,5,7,6,1,2,2,0,0,3
E01008091,Sheffield 017C,729,8,8,5,12,10,6,3,6,5,10,5,7,7,2,4,7,4,12,2,6,8,12,14,16,16,17,15,16,16,16,13,10,16,16,9,12,14,10,14,7,13,7,10,7,12,12,11,15,12,14,14,3,10,12,5,12,4,6,19,13,8,14,7,6,9,9,9,3,6,2,5,3,4,2,1,2,2,2,7,1,2,7,3,2,0,0,2,2,0,1,1
E01008093,Sheffield 017D,768,14,13,6,9,4,3,2,6,2,3,7,7,3,3,4,6,4,5,2,3,6,17,9,16,10,22,17,20,13,26,22,21,16,21,7,4,9,15,8,7,17,14,10,12,9,10,9,13,5,13,11,10,10,13,10,13,13,9,20,8,7,11,5,15,9,9,9,5,5,11,7,1,3,6,6,8,5,5,5,5,4,2,2,1,0,0,0,1,0,0,0
E01007903,Sheffield 018A,886,14,9,12,12,14,14,9,14,8,14,20,21,23,18,10,13,14,12,17,13,9,7,14,12,15,16,12,8,15,12,5,8,12,8,8,11,13,16,13,12,14,12,12,19,13,17,14,11,11,13,13,11,9,10,9,5,4,11,7,7,7,8,6,6,9,5,7,8,0,3,5,6,3,9,7,8,6,4,11,11,2,3,1,3,1,0,3,4,1,2,8
E01007904,Sheffield 018B,893,22,16,13,20,22,15,14,16,18,21,13,22,16,13,15,10,10,15,11,8,7,8,7,3,5,14,13,15,5,11,14,21,12,12,15,19,10,9,9,13,12,16,13,12,15,8,3,11,7,5,7,12,7,8,3,11,4,8,4,6,10,8,9,4,8,8,9,6,15,7,11,9,6,3,6,10,5,9,1,5,4,8,2,2,2,1,9,2,0,3,7
E01007913,Sheffield 018C,829,17,22,20,19,24,22,13,24,24,15,15,18,14,9,9,10,12,15,15,20,10,12,9,9,11,14,18,16,15,16,12,10,7,12,15,8,12,16,17,14,16,15,13,17,14,10,6,7,4,6,9,9,5,4,5,4,5,1,6,2,5,4,6,6,7,6,3,3,1,2,3,0,1,2,4,1,1,4,1,1,1,2,2,3,1,2,1,1,0,0,7
E01007914,Sheffield 018D,821,17,11,10,9,9,11,7,16,10,13,29,30,20,25,23,17,14,16,8,10,12,15,11,11,11,13,15,6,9,13,9,15,11,13,8,17,18,18,17,11,14,16,17,9,13,7,8,9,12,11,5,2,7,10,7,8,10,2,3,5,2,3,9,5,8,3,5,5,0,2,2,1,3,2,3,3,3,6,0,1,3,0,3,2,1,1,3,3,2,0,4
E01007870,Sheffield 019A,"1,044",11,20,14,20,18,15,8,14,17,11,9,13,13,11,11,8,17,10,10,14,12,17,17,18,22,18,32,19,10,13,15,12,14,13,7,18,14,8,11,16,16,12,20,12,11,19,13,15,15,16,17,17,13,9,12,21,14,12,13,8,5,6,12,6,11,6,9,10,8,9,10,8,2,9,4,4,5,2,9,2,6,6,6,6,2,4,3,3,4,2,10
E01007871,Sheffield 019B,"1,010",15,15,11,7,10,21,16,17,10,20,11,12,12,9,9,12,13,8,4,10,18,17,12,12,18,11,17,10,13,16,20,19,18,16,11,17,8,18,10,10,12,17,17,13,10,14,13,17,19,27,13,12,8,13,9,23,15,26,11,9,14,8,9,9,3,2,8,5,6,8,11,3,5,4,10,7,5,9,6,8,7,6,2,6,4,2,4,1,0,0,7
E01007943,Sheffield 019C,802,13,21,22,15,21,19,14,13,19,2,17,16,12,13,10,20,7,7,9,15,9,7,9,6,7,11,14,11,10,6,8,9,8,10,10,4,8,11,14,10,9,6,5,10,9,9,14,12,14,12,10,11,4,10,13,9,9,8,8,4,6,6,10,8,6,11,5,4,4,10,6,3,6,3,5,5,5,3,6,4,7,5,1,2,2,2,4,1,0,0,9
E01008094,Sheffield 019D,664,13,12,17,13,17,13,10,11,15,10,8,8,6,7,9,9,11,12,8,7,6,1,4,5,7,12,13,17,9,10,11,6,5,5,4,7,9,4,5,8,6,6,7,12,11,7,8,7,9,6,6,6,10,9,9,5,5,6,8,5,11,4,5,10,4,3,11,3,4,10,8,4,5,5,5,7,6,6,4,5,4,5,4,2,3,4,2,3,2,2,1
E01007869,Sheffield 020A,890,6,19,16,12,17,12,14,11,24,20,13,22,18,19,17,19,16,20,13,19,12,9,11,15,10,12,12,20,15,11,13,11,18,8,18,13,15,13,8,15,7,9,7,7,8,11,14,6,8,13,16,12,7,5,9,13,10,7,5,6,4,9,13,7,5,7,10,12,5,1,5,3,4,1,2,3,1,1,1,1,2,5,5,3,4,1,1,4,2,0,2
E01007872,Sheffield 020B,902,11,15,7,19,13,11,12,13,14,12,20,16,20,15,15,16,16,13,12,15,12,10,8,8,17,11,7,13,12,14,11,12,15,12,10,9,13,14,11,11,16,16,16,10,12,9,14,15,11,9,12,14,10,10,8,10,8,6,5,10,7,8,6,10,12,3,7,8,6,4,5,3,4,4,2,10,3,5,6,6,1,2,4,2,4,7,5,8,7,0,7
E01007873,Sheffield 020C,"1,040",23,17,21,19,23,16,27,32,15,29,28,24,15,15,22,10,12,9,9,11,8,16,14,6,17,13,17,18,18,18,23,9,15,16,15,9,10,18,14,13,17,14,17,7,10,19,12,14,15,11,13,15,9,4,6,16,10,7,5,6,7,7,8,5,9,4,4,8,6,4,9,7,2,3,6,10,6,3,6,2,3,7,8,4,2,1,0,0,0,1,7
E01007942,Sheffield 020D,"1,113",16,16,13,18,21,22,26,18,25,22,28,30,29,26,36,18,24,22,19,20,21,14,15,21,15,21,18,16,16,18,15,19,15,12,16,16,15,13,13,17,11,14,17,10,9,14,11,12,9,22,8,13,12,11,13,15,8,8,7,4,4,4,5,5,5,5,4,2,3,6,2,6,3,2,3,4,2,5,2,3,5,2,2,2,2,1,1,2,0,1,17
E01007949,Sheffield 020E,961,16,21,24,25,21,28,26,27,26,21,15,26,23,17,18,14,14,18,16,11,12,10,9,13,13,16,12,18,12,11,10,13,14,18,11,9,13,20,11,9,19,16,12,13,11,11,11,11,10,11,10,7,8,8,6,9,8,7,6,9,3,7,6,7,5,1,3,3,3,3,4,5,2,1,4,2,2,0,4,4,2,5,1,2,2,3,3,1,1,3,5
E01007990,Sheffield 021A,692,3,4,7,8,8,16,5,12,8,7,8,9,9,9,8,7,3,7,5,5,4,6,7,6,4,12,12,4,5,12,6,7,5,9,7,5,11,6,8,5,5,9,8,7,9,13,5,9,20,14,11,9,10,12,9,12,11,9,7,10,12,5,9,7,7,12,6,13,6,9,8,6,9,4,6,11,3,6,8,13,5,5,5,5,5,2,3,2,5,3,4
E01007992,Sheffield 021B,823,10,11,7,11,7,5,7,6,4,12,5,6,11,2,12,11,8,14,7,7,18,8,13,14,16,12,27,14,14,22,14,13,18,10,8,13,11,11,13,14,13,9,7,10,9,15,18,15,8,14,15,17,15,5,13,11,9,10,3,8,10,8,3,11,10,9,4,5,9,8,7,7,6,3,4,5,5,3,4,3,3,4,3,2,0,2,2,0,0,0,13
E01007993,Sheffield 021C,826,8,10,11,16,15,9,9,6,16,13,7,16,15,13,12,8,11,6,10,7,13,13,8,8,8,10,16,13,11,10,18,18,14,11,15,3,9,12,13,7,7,9,11,9,15,12,13,7,12,12,21,13,7,15,12,12,14,13,4,14,6,7,5,4,4,5,1,4,8,5,10,9,7,6,5,5,6,4,3,5,4,4,4,5,6,2,1,1,1,3,6
E01007994,Sheffield 021D,653,11,6,13,6,14,11,7,5,3,4,10,5,10,5,9,6,7,6,7,7,5,7,4,4,9,15,11,18,9,12,8,13,11,8,15,11,6,12,13,11,11,8,12,14,10,8,7,8,13,7,6,10,7,3,6,6,5,13,12,9,8,6,9,3,7,7,5,5,3,8,10,5,2,9,6,5,6,2,2,3,3,0,3,0,0,2,1,1,0,1,2
E01007996,Sheffield 021E,833,11,21,7,17,12,8,18,13,13,7,13,17,9,9,6,13,7,9,8,4,8,9,8,11,5,19,18,13,13,14,8,15,6,11,12,12,5,14,8,14,15,16,9,16,16,9,12,12,9,15,11,14,10,11,5,13,9,9,7,12,12,7,7,9,6,8,3,8,6,3,5,7,12,5,4,4,1,7,0,2,5,4,2,3,5,3,4,3,2,1,10
E01007874,Sheffield 022A,"1,035",22,20,15,20,19,26,21,27,25,22,33,29,25,24,24,20,24,23,20,8,12,11,9,9,13,16,15,16,15,9,10,12,12,8,11,14,16,22,16,18,13,11,12,11,10,7,16,8,4,8,7,10,10,5,9,6,8,17,8,8,4,9,5,7,5,6,7,9,5,5,8,4,7,4,0,2,4,5,2,3,2,3,3,1,3,1,3,3,2,3,11
E01007875,Sheffield 022B,"1,102",23,26,31,34,23,38,19,26,31,25,17,16,20,12,15,35,6,25,18,23,16,19,13,20,23,9,16,9,13,16,29,17,23,11,16,13,9,15,11,9,14,11,12,9,6,21,15,23,16,14,12,10,8,6,8,5,6,8,6,7,2,4,10,8,5,6,6,7,4,3,2,2,1,5,0,2,0,5,5,4,3,3,1,3,2,6,4,6,1,1,4
E01007877,Sheffield 022D,738,13,9,15,15,16,15,7,14,19,15,18,15,19,13,20,11,21,12,12,12,14,6,6,10,7,6,6,5,12,6,14,18,12,18,13,12,15,16,13,16,10,7,10,6,5,11,11,3,6,7,8,5,6,7,5,6,7,4,4,5,2,0,2,3,3,5,2,3,3,8,5,2,4,1,1,2,1,1,1,2,6,4,7,4,1,2,1,2,2,2,7
E01007940,Sheffield 022E,"1,027",19,20,24,26,20,27,23,33,25,24,16,28,22,15,16,16,10,23,25,17,14,10,9,9,10,23,19,15,14,19,15,11,15,6,7,18,11,16,9,16,6,12,11,13,7,14,12,10,11,15,16,14,23,15,11,17,7,13,7,7,5,4,4,6,5,6,1,3,1,5,3,3,3,3,3,3,3,0,0,5,1,0,0,3,2,5,0,3,7,2,2
E01007944,Sheffield 022F,"1,312",39,31,39,33,39,37,29,36,26,29,30,42,17,37,40,29,13,18,22,9,29,27,20,23,17,23,32,22,18,26,14,18,12,14,14,11,13,21,14,19,14,16,16,10,15,11,9,15,14,15,11,7,10,7,7,11,6,7,7,8,8,8,9,3,6,4,6,1,1,0,3,4,0,5,4,2,1,3,2,3,2,2,2,1,1,6,10,4,4,3,6
E01033269,Sheffield 022G,"1,087",19,25,30,23,23,29,24,21,21,22,23,15,21,16,11,16,11,18,14,9,14,13,8,9,10,16,16,17,24,23,14,21,22,20,23,22,22,26,20,19,17,16,19,13,14,12,11,10,10,13,9,14,11,11,17,8,6,9,3,5,10,4,4,2,4,8,3,5,2,2,5,4,2,6,7,3,0,5,4,1,1,1,3,2,2,5,2,1,2,2,7
E01033270,Sheffield 022H,"1,132",20,11,20,8,18,4,8,11,6,9,11,1,15,4,4,3,3,3,4,4,6,9,28,37,47,59,55,56,48,52,31,57,33,34,39,32,25,34,31,28,18,11,16,11,8,9,8,9,8,8,13,11,7,10,8,2,5,12,3,6,2,3,5,4,0,0,1,1,1,1,1,3,1,3,2,1,0,1,0,0,2,4,0,0,0,0,1,0,0,0,4
E01008129,Sheffield 023A,731,5,7,10,7,7,5,2,13,15,5,10,8,4,12,7,7,12,9,10,5,11,4,4,6,6,6,5,7,6,7,10,5,9,5,9,7,12,9,7,7,7,6,10,11,8,10,11,11,13,14,6,11,8,14,14,15,15,15,14,12,12,7,13,9,10,6,11,10,8,8,11,9,5,13,9,11,3,7,7,5,5,2,3,5,2,4,2,2,1,0,4
E01008130,Sheffield 023B,738,2,6,7,2,6,9,9,9,5,11,7,12,8,2,12,9,11,10,14,8,9,5,7,9,3,7,4,8,7,10,6,7,6,7,6,6,6,3,11,8,6,3,10,15,11,8,5,16,12,18,11,10,9,13,9,9,9,7,6,11,9,11,8,6,12,9,10,4,13,12,14,13,8,11,12,7,10,11,7,6,5,8,7,6,3,6,3,3,5,1,6
E01008131,Sheffield 023C,762,5,10,9,7,7,9,8,7,5,6,7,9,11,10,2,6,4,14,8,10,7,6,11,13,14,6,6,5,5,7,3,8,3,7,8,9,7,5,8,5,9,9,12,14,7,8,20,16,20,15,12,14,9,12,12,6,12,9,17,16,14,10,5,11,11,10,7,8,8,17,9,6,3,11,7,6,6,9,5,4,9,3,3,6,7,2,5,3,3,1,7
E01008132,Sheffield 023D,662,3,4,4,3,7,7,9,9,5,13,10,5,6,12,9,5,8,11,12,5,2,5,4,8,4,3,7,4,4,1,3,6,4,5,3,10,5,6,9,8,3,4,9,5,6,10,12,9,9,14,13,12,11,3,9,8,16,11,14,13,24,10,12,15,10,8,11,13,8,10,8,8,12,10,2,3,1,3,8,8,4,4,4,3,2,4,2,4,6,1,5
E01008133,Sheffield 023E,731,9,4,6,3,8,5,3,5,2,7,8,3,4,10,6,8,7,6,5,4,8,5,5,6,4,7,5,8,4,4,1,6,5,6,2,4,9,9,3,4,10,8,3,11,6,11,12,13,6,14,10,9,9,10,10,9,9,13,12,18,9,7,17,8,8,6,6,14,8,9,21,9,15,16,14,9,8,12,9,12,12,11,6,9,7,9,11,7,6,4,11
E01008151,Sheffield 024A,842,10,4,11,4,13,8,4,8,5,7,4,1,1,3,4,5,4,3,4,1,26,23,33,33,28,28,25,39,34,23,20,16,15,16,15,19,19,25,14,17,8,14,8,11,16,8,5,6,4,8,7,8,11,6,7,8,9,8,5,3,5,4,7,6,5,6,6,11,11,6,5,4,5,3,2,1,5,1,2,3,5,0,1,3,0,2,0,0,0,0,1
E01008153,Sheffield 024B,845,14,5,10,5,4,9,12,5,11,0,9,4,6,3,3,9,2,2,4,5,8,10,10,14,13,17,28,24,32,32,20,23,34,23,15,21,19,23,17,14,7,12,9,9,12,13,10,14,9,15,14,9,11,9,9,10,10,8,4,7,4,7,7,4,5,5,6,3,7,4,8,6,8,7,5,1,3,2,1,2,3,3,2,2,2,2,3,0,3,5,5
E01008154,Sheffield 024C,817,15,15,4,10,9,7,9,8,1,4,8,11,8,3,6,1,4,5,1,3,10,13,9,17,14,18,12,21,23,20,14,15,10,14,17,13,12,15,16,17,12,6,13,13,7,12,11,8,11,9,13,11,15,14,14,13,9,8,8,5,15,6,9,11,11,5,8,5,4,7,3,11,6,12,4,4,6,3,7,2,2,4,3,3,4,4,3,4,2,2,3
E01008155,Sheffield 024D,783,11,10,5,3,7,5,6,4,5,3,5,8,7,5,4,1,4,5,6,10,12,30,17,26,30,20,22,26,26,20,20,17,23,15,23,11,14,13,11,8,7,10,10,6,7,9,7,9,10,15,13,7,7,4,5,10,8,14,6,11,6,5,2,5,8,4,6,5,2,6,5,1,2,9,3,5,7,8,4,4,3,0,3,1,0,1,1,2,0,0,2
E01008156,Sheffield 024E,719,7,9,6,4,6,5,6,7,6,2,5,7,3,1,5,11,5,6,6,5,5,7,4,5,8,9,17,19,8,17,15,9,12,10,14,18,11,10,5,7,5,10,9,7,10,7,12,4,12,8,9,10,15,12,21,13,7,6,13,8,10,4,8,10,10,12,14,12,11,9,10,6,6,8,3,5,4,5,5,10,4,4,3,5,1,2,3,6,3,1,5
E01008160,Sheffield 024F,615,7,10,11,11,4,3,6,8,4,6,6,6,5,8,2,4,6,6,3,4,3,4,4,9,11,11,7,11,13,14,8,12,12,11,13,7,11,12,10,9,5,6,4,5,3,14,5,11,5,9,11,8,4,18,8,6,6,10,7,10,7,7,8,9,8,9,5,6,1,8,12,8,6,6,3,2,3,4,7,7,2,4,3,5,1,0,0,1,1,1,4
E01007997,Sheffield 025A,718,7,9,13,9,8,5,8,7,5,11,12,12,8,6,7,6,12,13,5,6,7,6,7,6,8,6,10,9,5,10,4,8,7,8,6,6,10,17,10,9,6,10,5,6,8,8,13,10,17,12,9,5,7,7,8,12,7,17,13,11,6,13,10,4,6,6,4,5,11,11,3,4,8,4,9,7,8,8,4,14,13,11,7,4,2,6,1,1,5,4,0
E01007998,Sheffield 025B,838,4,9,6,6,11,9,8,6,10,10,7,13,3,7,13,13,11,8,7,11,3,4,8,6,6,13,11,12,6,16,8,9,9,10,10,7,9,13,12,16,10,10,8,10,8,14,12,17,22,20,15,13,11,11,12,10,14,9,10,15,6,10,5,5,7,10,5,13,5,14,8,13,15,16,4,4,9,7,12,10,6,4,8,8,3,4,1,2,1,3,9
E01008152,Sheffield 025C,760,9,10,14,4,6,11,6,10,4,10,4,4,7,9,7,11,13,8,12,5,8,4,6,3,5,9,13,11,7,11,8,7,10,7,10,11,5,8,7,18,11,5,8,4,6,13,12,12,15,14,16,17,16,15,13,14,8,9,10,12,7,13,7,7,13,10,7,5,7,4,7,4,11,5,4,6,11,5,9,6,9,7,6,4,6,1,1,6,3,3,4
E01008158,Sheffield 025D,766,7,7,17,11,14,5,9,9,7,10,14,14,12,12,12,7,7,5,5,7,8,4,7,7,9,7,11,12,11,8,7,7,6,17,7,6,7,11,8,4,10,6,9,10,12,12,10,9,12,8,15,10,13,11,7,13,12,7,7,10,7,7,6,14,11,11,7,6,19,12,8,8,10,13,8,3,4,2,5,7,5,7,7,3,6,2,2,1,2,2,3
E01008065,Sheffield 026A,"1,228",24,24,27,23,14,19,21,16,13,17,11,8,22,19,11,6,8,13,8,10,18,23,21,23,23,25,39,23,23,20,21,14,22,18,15,7,21,19,16,14,23,15,30,19,21,20,18,11,19,19,16,10,16,13,18,19,19,8,10,16,4,10,7,8,4,6,9,5,6,6,9,7,3,7,11,6,8,6,9,8,3,7,1,3,4,4,1,2,2,2,1
E01008068,Sheffield 026B,"1,823",13,14,12,15,14,14,7,15,9,6,11,19,11,8,6,13,18,19,32,98,153,137,118,106,83,87,68,69,49,39,43,39,25,23,22,13,14,10,10,15,9,18,16,13,18,13,15,12,11,11,9,12,19,12,13,4,16,7,13,7,1,8,6,2,2,6,4,7,6,6,9,0,4,1,5,2,0,3,3,1,7,5,2,3,1,0,2,1,0,0,1
E01008072,Sheffield 026C,904,18,16,19,11,14,15,12,26,11,9,11,19,16,15,17,6,12,8,13,3,16,8,5,25,15,23,27,15,16,21,13,14,7,9,18,17,12,11,12,17,9,11,11,11,10,3,9,10,8,11,12,13,8,9,10,6,6,7,7,8,9,6,4,5,8,8,6,7,5,11,10,4,3,6,5,4,3,2,3,6,10,3,6,4,1,4,2,2,1,2,3
E01008157,Sheffield 026D,758,12,7,15,6,7,14,13,7,9,11,6,6,3,7,5,5,6,5,5,3,11,11,7,7,9,6,12,12,6,7,9,11,6,7,10,13,8,15,17,10,7,7,5,6,9,8,8,6,10,8,9,9,12,8,10,2,7,10,16,8,8,6,6,11,8,13,20,23,17,8,17,9,7,16,5,5,5,9,8,4,5,0,6,3,2,6,9,2,7,0,2
E01008161,Sheffield 026E,910,12,9,22,7,11,12,8,11,9,16,7,3,6,5,4,6,9,7,12,7,9,5,12,8,13,14,22,27,23,24,16,11,7,10,11,18,20,23,25,16,16,11,6,12,10,13,17,13,16,10,16,20,17,15,16,7,12,12,11,7,8,9,5,5,7,12,3,6,7,7,7,7,9,6,4,4,9,2,4,9,6,1,4,1,2,2,0,1,3,2,4
E01007883,Sheffield 027A,806,16,10,10,14,11,15,13,15,24,21,22,17,24,14,15,15,14,16,17,8,9,17,11,13,12,7,8,5,11,5,5,11,12,13,7,19,15,10,15,11,17,10,11,18,7,13,11,8,13,10,11,3,8,5,5,5,7,9,4,8,6,11,3,4,5,8,10,5,4,7,0,3,0,2,2,4,4,3,1,4,0,1,1,4,0,0,0,0,0,1,3
E01007902,Sheffield 027B,925,12,16,17,17,16,17,18,15,22,15,11,8,12,9,10,7,8,9,9,8,6,14,10,6,9,19,19,11,14,13,13,10,17,10,12,12,18,17,17,18,9,15,9,14,13,11,16,11,13,13,8,7,7,6,7,10,9,15,9,7,5,6,2,10,6,12,12,12,8,12,9,5,12,10,6,8,5,9,6,6,6,4,5,5,1,1,3,2,1,3,3
E01007905,Sheffield 027C,980,15,29,30,26,23,18,24,22,18,20,14,18,16,14,12,12,11,17,10,9,16,18,9,15,19,20,17,19,16,11,30,33,26,29,44,16,11,22,11,13,13,14,14,15,15,10,10,8,7,9,6,5,6,9,3,7,3,4,5,3,5,4,3,4,2,2,2,1,1,3,0,1,1,2,1,2,4,1,3,3,2,1,1,2,2,3,1,1,2,0,1
E01007906,Sheffield 027D,"1,336",26,33,27,28,43,29,27,33,30,34,24,26,30,20,25,31,23,22,20,23,19,24,16,19,16,22,17,18,17,22,18,27,30,28,16,22,17,20,22,19,21,15,20,16,10,11,19,18,10,17,12,11,15,12,13,11,7,6,5,4,9,11,9,10,6,8,2,2,5,4,3,4,5,6,1,4,2,4,8,5,3,0,5,1,2,0,0,0,0,0,1
E01008064,Sheffield 028A,826,7,6,5,5,2,5,7,4,5,4,9,5,4,7,2,9,1,5,3,10,73,66,62,44,50,40,34,27,22,17,19,18,12,8,10,12,8,20,12,12,6,9,4,3,6,3,5,4,6,2,6,5,4,8,4,4,4,4,5,1,4,3,3,2,2,5,4,5,2,4,3,1,3,2,1,3,0,2,2,1,1,1,1,2,3,0,0,1,1,0,0
E01008066,Sheffield 028B,901,7,3,4,2,2,3,3,3,2,1,2,1,1,1,0,1,1,2,2,10,102,129,187,85,64,25,18,19,11,8,10,8,7,8,9,10,3,6,12,8,4,1,3,2,3,1,2,0,5,3,3,1,4,3,6,3,2,2,2,2,4,2,2,2,3,2,3,2,2,4,3,4,3,2,4,4,5,3,0,2,3,1,1,1,1,1,1,1,1,0,2
E01008069,Sheffield 028C,855,7,3,3,5,2,4,0,5,3,0,4,3,4,5,5,4,1,0,2,11,60,105,90,62,64,31,31,41,23,26,15,12,12,8,11,7,10,9,11,0,5,3,3,5,1,1,8,3,3,3,3,6,7,3,3,7,2,6,11,2,2,3,2,3,3,3,4,1,4,7,3,0,1,4,4,3,1,4,0,5,0,2,2,1,1,1,2,0,2,0,3
E01008074,Sheffield 028D,770,6,10,6,7,8,10,3,2,11,5,5,6,4,3,2,5,4,2,10,6,39,56,48,34,48,35,25,18,19,16,9,18,6,13,9,11,12,13,10,8,8,4,5,7,6,4,8,7,11,6,5,1,6,1,4,5,6,3,6,6,8,4,4,2,6,4,3,5,5,6,3,8,5,6,2,2,1,0,2,3,1,2,0,3,1,4,1,2,2,2,2
E01007951,Sheffield 029A,848,7,12,9,10,12,10,8,14,9,6,6,15,7,6,5,11,11,9,13,8,21,11,16,17,26,16,26,21,18,17,11,15,13,14,11,11,7,13,14,12,13,10,12,7,10,5,8,13,10,9,10,14,6,10,11,13,2,6,8,8,7,4,6,7,5,6,2,8,9,6,6,11,3,5,5,2,3,5,6,5,1,6,4,8,7,3,2,3,3,2,15
E01007960,Sheffield 029B,832,9,8,4,6,8,12,9,9,5,5,7,11,5,6,4,3,10,7,9,10,18,21,26,34,23,27,38,14,23,19,14,14,19,16,11,10,8,13,10,9,6,14,8,14,16,10,7,6,6,12,13,7,5,7,6,8,5,10,4,3,7,4,5,5,2,6,7,7,3,10,9,3,6,5,7,3,5,9,6,6,4,4,2,4,5,4,3,2,6,0,2
E01007962,Sheffield 029C,728,6,2,9,6,6,7,5,7,4,4,6,4,4,9,4,7,5,4,3,7,28,41,31,39,38,18,29,15,23,18,8,8,10,9,13,10,8,8,6,4,6,4,6,7,5,8,11,7,8,11,6,10,6,2,4,6,8,11,3,4,5,3,6,5,5,4,1,7,4,6,5,3,3,4,5,2,5,3,4,7,4,5,2,0,2,1,3,3,2,4,9
E01008159,Sheffield 029D,704,8,9,4,4,6,8,13,9,6,7,9,8,6,8,10,6,6,3,4,3,3,11,15,11,14,32,23,27,18,14,9,21,13,17,14,13,14,18,11,9,9,11,9,12,7,7,8,10,7,14,7,2,9,5,6,5,7,3,7,9,5,6,5,5,4,3,6,2,4,9,2,6,4,3,3,9,2,4,9,5,1,1,1,1,2,0,1,1,0,0,2
E01007866,Sheffield 030A,865,8,5,5,8,4,6,5,7,3,5,3,3,2,4,1,4,6,7,6,11,62,94,81,58,59,32,27,24,16,17,15,16,5,11,9,6,3,8,8,6,7,4,17,8,7,11,10,5,9,4,4,4,6,11,3,4,3,3,7,3,2,2,4,2,3,5,5,5,2,7,4,3,4,3,3,2,3,0,4,3,3,1,1,0,1,0,0,1,0,0,2
E01007867,Sheffield 030B,992,0,0,1,2,2,4,6,4,7,3,4,3,10,1,3,1,9,7,4,20,108,119,99,95,83,54,32,31,30,24,9,10,5,7,5,7,4,7,5,12,8,9,7,8,3,4,7,4,5,9,6,5,9,5,3,0,2,2,1,1,3,4,2,3,5,2,7,1,2,3,3,4,0,0,1,2,1,1,2,0,0,2,1,2,1,0,3,0,1,0,1
E01007868,Sheffield 030C,531,1,8,6,8,5,4,2,7,1,8,6,6,5,7,4,6,3,3,2,2,7,8,5,5,4,15,22,13,12,17,15,9,10,9,9,4,3,7,7,7,3,8,4,4,11,6,8,10,5,5,6,8,7,11,4,7,6,9,5,8,5,5,6,5,5,6,5,7,8,6,1,3,1,4,2,3,3,1,6,3,4,5,6,4,2,0,1,3,0,0,4
E01008067,Sheffield 030D,929,3,3,0,5,1,0,2,1,3,2,2,1,4,2,2,0,3,0,7,12,127,163,139,129,42,43,26,17,24,15,6,5,6,4,3,7,9,7,9,6,3,4,1,1,1,2,1,4,3,0,2,4,3,2,3,1,2,2,3,2,3,5,1,3,4,1,2,3,3,3,2,1,2,0,1,0,0,0,2,2,1,2,0,0,1,0,0,0,0,1,2
E01008073,Sheffield 030E,965,12,16,9,12,10,6,3,8,7,3,7,2,4,6,5,12,3,7,6,8,54,69,58,49,52,29,19,27,19,15,11,13,12,11,8,12,13,10,15,9,11,17,15,10,10,10,6,11,10,8,11,9,14,11,6,6,8,8,3,8,8,4,8,11,10,6,10,5,6,5,3,2,4,6,2,2,1,3,4,1,4,3,1,1,0,3,2,0,4,2,1
E01007907,Sheffield 032A,860,10,10,10,5,12,15,16,10,20,12,13,12,11,18,14,16,17,11,25,14,18,15,13,14,17,14,11,12,17,9,10,11,13,9,8,9,16,9,12,15,12,11,10,9,19,13,10,17,17,17,12,10,9,9,10,5,6,9,7,3,3,5,7,9,4,3,8,3,4,4,8,8,5,8,3,2,4,4,6,4,3,2,2,3,1,2,2,3,0,0,2
E01007908,Sheffield 032B,743,11,9,15,8,14,4,7,12,3,6,6,6,12,9,7,2,4,6,3,3,7,7,18,9,14,17,18,19,8,19,15,10,7,14,18,10,13,12,9,5,4,7,16,8,8,13,7,15,11,15,10,8,14,15,13,13,7,9,13,8,5,4,4,7,6,5,7,6,6,6,9,8,5,8,6,2,6,4,5,2,5,1,2,3,3,3,2,1,0,0,2
E01007909,Sheffield 032C,"1,210",27,19,23,19,24,20,8,15,19,16,13,15,12,12,13,15,17,7,13,14,18,13,8,13,18,35,25,24,32,27,17,9,23,19,19,14,14,20,20,25,8,25,19,12,14,16,13,22,21,12,18,13,17,13,7,12,19,20,17,9,12,16,9,6,9,3,9,6,7,5,9,7,12,1,8,6,5,9,6,4,4,6,4,5,3,4,2,3,0,1,8
E01007911,Sheffield 032D,672,7,11,7,15,7,4,5,5,6,6,12,3,13,7,11,4,6,5,6,4,6,6,5,5,5,7,12,10,6,11,4,3,4,4,2,3,7,11,11,5,6,7,8,8,4,16,11,11,14,15,16,9,13,8,15,10,8,9,6,8,8,12,9,10,7,7,7,12,11,7,12,6,9,14,14,3,5,9,4,2,4,4,6,6,3,2,0,0,2,1,3
E01008014,Sheffield 032E,863,9,13,18,8,12,11,11,14,8,18,7,7,11,12,11,9,15,11,10,13,9,7,5,4,9,16,12,19,9,12,15,9,14,13,11,16,8,15,14,15,18,14,11,12,11,10,13,10,17,4,8,8,9,9,5,3,13,8,3,10,6,9,6,14,8,7,11,10,10,10,6,7,10,13,7,5,5,6,1,11,4,5,6,7,3,5,1,1,5,2,6
E01008016,Sheffield 032F,832,9,9,12,14,9,21,13,10,17,16,16,10,10,12,16,15,9,8,12,9,19,17,13,19,12,16,9,8,10,11,10,4,11,9,14,10,15,15,13,9,10,5,4,13,10,8,20,8,10,15,13,11,8,13,11,4,11,9,7,8,9,8,10,9,5,4,8,6,5,6,9,4,10,3,4,5,3,4,4,5,3,1,1,2,3,1,1,0,3,2,5
E01007952,Sheffield 033A,756,8,9,5,15,12,8,12,14,8,11,11,8,10,9,7,11,10,15,4,6,7,6,5,7,4,6,7,4,2,2,2,1,8,7,7,3,4,8,9,6,7,15,11,11,10,18,17,16,9,16,8,8,10,13,16,17,11,12,11,8,5,11,11,10,11,5,10,12,6,11,12,12,10,3,9,7,5,4,5,3,9,3,6,9,3,0,5,0,2,2,13
E01007953,Sheffield 033B,766,7,4,8,8,8,12,7,4,7,9,2,2,4,8,4,5,6,6,8,2,4,6,5,4,1,7,6,8,7,6,5,5,2,3,5,4,10,5,9,6,11,13,11,9,15,15,7,7,6,9,14,4,12,14,18,15,10,14,20,9,13,12,9,15,15,4,14,16,9,8,12,13,10,14,11,16,6,10,7,8,12,11,8,7,15,5,4,4,5,5,6
E01007954,Sheffield 033C,773,2,7,4,7,8,13,8,10,15,14,7,15,9,10,12,9,22,16,11,6,7,2,11,7,9,5,5,4,3,2,6,12,4,3,2,8,4,10,11,9,4,11,16,9,11,12,13,12,15,17,14,12,11,15,17,15,14,13,15,9,8,13,9,8,17,9,7,8,7,12,12,13,6,5,10,2,5,10,3,6,3,2,3,3,3,0,0,0,0,0,5
E01007961,Sheffield 033D,753,5,15,13,6,8,8,9,13,16,10,20,10,15,11,8,6,7,6,7,6,8,3,7,7,5,2,7,4,4,5,7,8,8,9,8,7,10,11,16,9,10,13,13,7,9,16,11,13,14,10,11,8,11,9,10,10,10,8,13,9,8,9,9,10,11,13,11,10,8,7,4,2,9,3,4,10,8,9,8,3,2,2,4,1,2,3,3,4,3,1,13
E01007859,Sheffield 036A,"1,162",1,5,3,2,4,1,4,4,2,2,3,6,2,7,5,1,1,3,55,308,180,85,49,26,18,39,22,26,23,22,13,8,11,4,6,9,9,5,11,4,7,4,4,4,4,4,7,7,6,9,5,1,2,3,8,6,5,7,3,4,5,7,1,2,5,3,0,4,2,5,2,5,5,4,1,2,1,3,2,2,2,0,2,1,0,2,1,2,0,1,1
E01007860,Sheffield 036B,959,6,9,11,4,7,5,10,4,5,3,4,4,7,4,5,7,5,11,3,19,66,109,74,55,57,39,27,24,17,22,9,11,11,13,13,5,5,7,5,8,8,14,10,10,5,5,8,13,5,9,4,6,8,8,6,4,8,3,1,3,3,6,5,6,2,7,9,11,6,6,9,2,1,3,4,1,0,1,2,0,1,1,2,0,2,2,7,2,0,3,7
E01007863,Sheffield 036C,899,5,7,12,8,9,8,3,9,2,4,9,4,4,5,6,2,4,8,17,61,58,50,29,20,31,36,25,22,16,18,7,6,10,5,7,12,17,14,9,15,5,11,14,7,8,8,19,12,7,10,7,10,14,11,11,4,6,5,13,7,7,4,8,11,6,7,7,7,8,5,2,7,4,1,5,2,6,1,3,1,4,0,3,4,1,1,0,1,0,0,0
E01007864,Sheffield 036D,"1,146",3,4,6,0,0,0,0,0,3,4,2,2,2,2,1,5,1,0,0,23,197,224,198,144,103,28,13,11,7,9,15,11,11,5,8,3,5,1,5,4,2,4,3,3,3,4,2,4,1,3,1,0,0,1,3,3,0,2,0,6,2,2,1,3,4,1,0,0,3,2,1,2,0,1,1,0,1,0,2,2,4,0,0,2,2,0,0,0,2,0,3
E01008104,Sheffield 036E,830,9,7,7,7,9,9,14,11,11,10,6,9,7,6,3,4,9,9,24,24,55,54,33,43,25,41,37,22,21,9,8,5,11,2,5,6,5,6,8,8,14,8,8,8,6,4,6,1,4,8,11,9,7,9,8,5,3,7,4,6,8,4,4,4,5,2,3,2,4,4,3,4,6,3,3,2,2,3,3,2,2,6,0,6,4,1,0,0,2,1,2
E01007910,Sheffield 037A,812,8,12,10,17,9,12,10,9,12,6,13,14,9,13,12,6,10,9,8,10,12,15,8,3,11,11,5,8,6,11,8,9,9,11,7,9,10,9,13,6,15,10,7,11,6,6,17,16,9,13,13,12,14,12,16,12,12,9,15,9,11,3,7,9,8,8,5,7,11,5,10,10,9,7,6,9,10,7,8,4,2,5,3,0,2,6,2,2,2,0,10
E01007912,Sheffield 037B,710,6,1,6,4,8,8,2,11,6,10,7,3,6,5,6,5,7,8,9,12,6,9,6,4,14,9,9,5,4,7,4,3,8,7,4,1,4,8,6,8,11,7,8,9,12,8,15,12,12,7,14,12,14,11,11,14,15,10,13,9,11,12,9,13,7,11,11,8,4,15,9,11,4,8,5,7,13,5,7,10,5,4,10,8,3,3,2,0,7,1,7
E01007971,Sheffield 037C,718,12,11,10,8,10,9,15,7,12,14,7,18,9,17,13,5,6,9,7,5,11,6,5,8,7,12,9,8,10,8,5,8,11,6,8,8,7,6,8,8,10,11,6,7,12,11,8,12,14,10,9,12,8,12,7,6,8,9,9,6,12,7,7,6,12,2,7,10,7,10,4,5,7,7,7,2,6,4,4,3,4,0,3,3,2,2,3,2,4,7,9
E01007973,Sheffield 037D,761,6,10,3,6,5,7,8,5,10,10,6,12,11,6,12,14,8,15,11,12,9,16,9,12,11,8,8,5,9,10,10,9,4,10,6,5,4,5,12,1,7,11,8,11,9,14,12,10,16,16,6,16,10,11,10,6,9,13,10,11,8,8,7,4,6,8,7,2,6,14,10,7,9,20,13,15,5,6,11,6,4,2,2,6,1,2,1,5,4,1,5
E01007858,Sheffield 038A,761,8,7,4,5,9,12,7,8,15,11,8,7,10,8,11,7,11,6,6,4,8,6,4,7,8,16,13,16,10,12,12,10,11,8,8,6,5,11,11,9,10,7,12,14,18,20,12,11,18,17,11,13,8,21,15,13,11,12,11,13,9,9,7,4,6,3,7,5,7,7,13,5,7,5,7,2,3,1,2,0,1,2,3,3,5,2,2,0,3,0,9
E01007861,Sheffield 038B,765,4,6,4,7,7,10,8,10,13,12,9,11,5,6,11,15,8,10,10,5,7,6,10,8,8,3,12,16,7,6,2,7,6,5,3,2,4,6,11,8,4,9,8,10,11,9,8,16,18,11,15,17,12,18,10,14,14,8,16,17,11,10,13,7,9,9,11,16,12,9,13,9,14,8,6,3,3,4,5,2,4,4,5,1,7,3,4,3,3,1,3
E01007862,Sheffield 038C,"2,810",4,4,2,10,7,3,8,6,5,6,8,3,1,5,4,19,11,19,170,874,464,258,170,82,50,100,57,31,30,19,20,13,12,8,14,7,5,5,7,6,4,10,7,7,8,6,8,8,10,6,8,10,5,12,8,5,11,6,8,4,6,7,6,4,7,4,2,2,5,4,16,5,14,7,5,2,1,1,1,1,3,4,1,2,0,4,2,5,4,2,5
E01007865,Sheffield 038D,899,12,13,9,7,10,13,9,11,9,15,12,11,14,10,12,12,9,9,7,7,13,4,3,13,12,16,12,8,11,14,10,9,17,13,13,14,11,12,16,16,8,10,12,12,15,16,5,13,13,16,18,23,17,15,11,8,11,5,13,8,7,7,12,11,16,11,6,7,7,11,15,11,8,8,5,10,9,6,4,8,3,6,4,0,4,1,0,1,1,1,2
E01008011,Sheffield 039A,770,10,11,10,11,16,17,12,17,7,12,15,16,22,18,28,14,19,13,6,7,4,3,7,1,7,14,15,16,11,19,18,15,14,6,11,12,6,4,5,6,7,6,4,7,12,9,10,8,10,12,14,8,15,15,11,10,7,9,9,8,3,6,5,6,4,6,4,8,9,5,4,5,8,7,1,4,1,0,4,5,1,2,2,0,3,0,0,0,0,0,1
E01008012,Sheffield 039B,"1,113",34,30,25,19,35,16,22,18,15,25,17,16,14,14,7,16,14,15,14,14,9,10,14,15,15,21,19,18,15,19,23,18,24,22,26,14,21,13,20,17,15,13,15,6,13,17,18,16,10,10,8,13,7,6,12,10,10,10,11,15,12,9,12,5,9,5,8,5,6,5,7,5,2,7,6,5,7,4,4,1,2,5,3,4,2,2,0,1,0,0,2
E01008013,Sheffield 039C,576,6,4,10,6,7,9,7,11,7,9,10,9,17,7,10,8,7,6,7,1,8,4,6,7,9,9,6,7,8,7,12,9,7,8,9,8,8,10,9,10,14,12,13,8,15,9,8,12,8,10,10,4,12,6,2,2,2,7,9,8,6,2,6,7,6,4,5,4,2,6,8,4,1,3,3,5,1,2,1,0,1,1,1,0,1,0,0,0,3,2,1
E01008015,Sheffield 039D,876,18,14,13,10,7,20,26,6,26,10,15,11,4,6,8,10,14,13,10,13,5,5,7,8,8,16,9,12,10,13,13,11,11,12,17,4,11,11,6,5,15,9,11,10,16,6,16,18,18,11,15,23,14,10,12,16,15,10,9,9,14,13,7,10,10,5,8,12,5,6,7,7,6,7,3,6,7,2,7,5,5,2,3,1,1,1,0,0,1,1,3
E01008017,Sheffield 039E,816,7,15,8,11,9,17,10,20,15,15,12,14,11,7,4,5,7,15,4,6,24,11,13,13,18,11,13,11,13,14,12,9,15,10,8,8,7,10,7,10,5,9,9,6,11,12,8,12,11,14,18,13,10,7,7,8,9,9,9,10,7,9,10,7,9,5,6,11,11,11,10,7,5,7,9,11,6,4,2,3,5,2,1,1,3,2,1,0,1,0,4
E01008018,Sheffield 039F,621,3,13,7,14,14,7,8,10,3,9,9,8,7,11,3,6,7,7,7,4,7,5,5,6,7,16,13,15,21,15,8,7,4,8,4,8,10,12,9,10,4,4,11,14,6,5,4,7,5,7,5,12,8,6,8,4,12,5,14,11,6,8,8,8,9,7,4,2,8,9,6,3,0,6,4,4,7,5,0,3,3,2,0,0,2,5,0,2,0,0,1
E01008105,Sheffield 040A,"1,552",8,9,15,17,19,8,5,9,17,8,9,9,10,10,5,9,22,32,46,165,130,92,84,60,76,68,52,49,29,34,27,24,28,17,14,13,15,19,14,13,12,12,10,9,9,13,10,13,10,6,12,7,7,11,7,10,8,10,9,6,8,5,3,3,4,1,7,8,3,2,2,0,1,1,2,1,2,4,4,5,1,0,2,0,0,0,1,0,0,0,1
E01008107,Sheffield 040C,894,7,13,10,14,7,9,8,8,7,11,8,8,3,13,2,8,15,9,10,8,73,53,40,32,49,18,16,10,17,12,15,19,15,14,9,10,9,11,12,9,14,15,10,11,11,21,8,9,14,7,9,8,4,9,8,5,8,6,3,9,5,2,4,2,2,4,6,7,4,3,6,1,4,3,5,3,1,2,2,4,0,1,5,2,0,2,0,2,0,0,2
E01008111,Sheffield 040D,809,11,4,5,5,4,3,7,3,7,4,4,5,3,4,3,14,13,3,4,6,86,71,66,60,33,20,23,21,7,10,13,6,10,8,4,9,8,5,13,7,4,7,7,7,5,7,6,6,10,8,9,4,8,3,5,4,11,6,5,4,7,4,8,6,10,5,3,2,4,6,4,1,7,8,4,3,0,2,0,1,0,1,2,1,0,0,0,0,0,1,1
E01033271,Sheffield 040E,"1,067",23,29,32,22,20,19,14,13,6,8,8,6,5,8,4,4,3,3,4,5,39,46,33,45,54,30,27,42,27,19,24,18,25,21,18,19,24,24,24,26,17,18,18,13,14,14,9,11,13,10,7,7,3,4,7,6,5,7,4,3,3,4,5,5,3,1,3,3,3,3,4,0,1,0,1,0,2,1,1,0,5,4,0,0,2,0,1,0,0,0,1
E01033272,Sheffield 040F,781,15,10,11,10,9,5,10,4,2,8,2,5,3,2,0,0,3,4,5,6,13,21,28,32,38,30,33,28,17,31,27,31,22,21,11,13,23,23,16,17,16,9,9,7,7,6,6,6,6,2,8,5,1,2,10,9,5,7,4,6,3,3,6,2,1,4,2,3,4,3,4,2,2,1,2,0,4,3,2,1,0,1,0,1,1,3,0,0,2,0,1
E01007955,Sheffield 041A,647,2,5,7,5,5,6,9,12,8,10,8,16,8,16,8,10,5,12,6,5,5,1,5,7,6,4,3,4,2,2,3,2,2,1,0,3,5,3,7,3,10,8,11,6,11,17,4,7,10,16,10,10,8,17,10,11,18,5,9,10,9,8,9,9,8,11,7,5,11,7,13,12,7,8,12,7,8,3,5,6,5,14,4,2,1,6,0,2,2,3,4
E01007956,Sheffield 041B,"1,030",10,6,7,11,12,12,17,9,11,14,12,9,17,15,18,17,10,19,10,9,7,7,7,7,3,7,5,7,1,4,3,6,3,5,3,6,8,17,19,18,22,17,15,13,9,13,11,16,26,17,13,22,12,14,27,18,20,16,19,9,21,13,8,12,15,23,12,11,12,11,11,17,10,15,12,9,11,2,11,4,12,7,8,8,6,6,6,4,1,4,11
E01007957,Sheffield 041C,802,14,12,16,16,14,11,14,16,15,9,10,13,14,16,10,5,6,7,8,4,11,9,8,6,7,4,4,5,4,4,8,11,10,8,4,12,13,9,15,9,14,17,10,15,7,8,12,11,10,14,5,11,11,7,13,13,15,6,7,8,9,9,4,8,7,9,6,6,9,15,11,13,9,10,2,3,5,6,6,10,2,7,4,8,3,2,1,2,3,1,7
E01007958,Sheffield 041D,665,1,7,2,3,10,8,9,9,6,7,8,6,12,7,8,9,13,6,6,4,2,4,4,2,1,5,5,4,1,5,5,3,4,1,1,8,9,5,6,8,5,9,6,7,7,11,12,12,15,16,10,6,9,10,14,14,15,11,16,9,9,8,3,8,9,10,9,10,14,17,15,6,11,10,8,5,10,9,4,6,6,9,6,2,3,2,5,4,2,4,3
E01007959,Sheffield 041E,674,4,7,7,4,4,9,7,10,13,10,16,11,11,10,10,10,10,9,4,7,4,1,2,2,3,6,7,3,3,6,0,2,6,5,3,6,5,11,5,5,11,12,10,10,10,11,9,9,7,5,16,10,17,7,14,17,8,8,10,9,8,8,12,10,8,13,6,10,16,16,5,6,12,13,8,8,3,2,6,4,3,3,3,5,4,0,3,5,2,0,4
E01008108,Sheffield 042A,"1,075",10,13,15,9,9,12,9,8,7,9,10,10,8,6,10,17,4,11,9,69,51,45,38,33,40,57,59,56,38,28,24,19,18,11,19,18,14,14,14,12,19,15,11,10,13,4,6,9,8,5,8,8,7,5,9,4,4,9,3,3,8,3,2,4,4,1,1,0,1,0,2,1,1,6,0,3,1,2,1,0,2,1,2,0,3,0,0,0,0,0,3
E01008109,Sheffield 042B,"1,651",12,12,12,5,14,10,9,8,9,5,11,6,6,11,4,20,14,13,43,217,211,145,106,88,67,48,28,25,25,28,22,31,12,22,23,9,11,9,15,11,16,7,12,11,5,11,12,5,8,12,6,4,6,4,3,6,4,5,6,6,5,6,5,7,7,4,6,7,3,2,6,1,4,6,4,6,2,4,8,9,5,3,4,4,2,0,0,3,1,0,1
E01008112,Sheffield 042D,898,24,11,18,15,15,24,15,20,18,20,18,18,14,8,11,12,10,7,7,4,13,17,13,18,31,29,31,28,20,18,13,25,14,13,17,16,18,17,17,18,17,23,10,12,10,11,7,10,12,5,4,4,6,4,2,3,2,3,7,10,4,3,5,1,4,2,2,2,1,2,2,2,1,5,3,0,1,1,0,2,2,5,3,3,1,0,0,1,0,0,3
E01008113,Sheffield 042E,922,8,14,19,12,8,9,12,11,14,8,16,7,13,15,16,7,13,13,10,6,5,9,21,13,14,19,27,28,22,27,30,26,23,16,25,18,18,21,22,15,16,5,14,13,8,5,7,13,15,10,9,5,9,11,5,12,3,9,10,9,4,3,3,4,5,4,4,7,8,0,7,9,9,2,6,4,3,2,0,1,3,5,0,0,3,3,3,0,0,1,1
E01033273,Sheffield 042F,"1,378",6,3,8,5,4,10,6,7,3,4,5,6,3,4,4,10,17,8,51,189,144,132,105,92,67,68,61,34,40,28,17,12,14,13,12,10,9,9,7,7,13,6,5,7,6,4,5,5,5,3,3,4,4,2,2,5,4,6,5,3,5,3,2,3,4,2,3,2,2,3,1,0,1,1,2,1,1,1,2,0,1,1,0,1,0,0,0,0,1,0,4
E01033274,Sheffield 042G,"1,120",3,1,4,1,1,4,5,0,0,0,15,0,15,14,0,2,0,0,32,207,118,90,78,49,64,79,44,48,27,22,15,23,14,17,18,9,7,5,4,3,2,2,3,4,1,4,5,1,2,2,9,5,7,0,5,1,0,0,0,1,2,0,0,2,2,0,8,0,0,3,1,1,0,0,0,2,0,0,0,0,1,0,0,0,0,1,1,1,1,1,1
E01008095,Sheffield 043A,907,8,10,16,6,8,7,4,9,11,11,20,11,4,7,5,10,10,11,3,11,42,36,51,39,48,36,27,21,17,20,13,17,13,15,15,8,11,11,13,15,7,8,13,8,5,6,4,7,7,7,11,8,6,9,9,8,1,6,6,4,7,4,3,8,8,7,2,5,7,4,3,8,4,4,2,5,5,4,6,2,3,1,0,0,1,3,0,0,4,2,5
E01008096,Sheffield 043B,"1,038",19,9,18,11,17,12,12,10,14,11,16,13,17,12,10,15,30,17,10,23,22,21,13,26,24,17,19,22,14,13,12,17,17,10,10,8,7,9,10,16,7,12,13,8,14,22,11,13,10,19,15,9,13,12,16,18,18,14,11,14,5,8,8,11,11,4,2,13,8,11,3,8,5,5,4,8,8,5,7,4,3,1,6,3,6,1,4,1,2,0,1
E01008097,Sheffield 043C,704,9,11,7,12,15,20,7,14,13,12,13,7,8,4,2,6,9,9,8,12,15,7,18,16,16,14,15,15,10,16,6,11,14,8,4,10,12,8,12,4,1,9,5,12,1,9,8,7,10,9,9,8,10,7,13,4,3,4,6,8,6,5,7,6,3,3,6,8,6,3,12,2,3,9,7,2,3,3,6,1,5,1,4,2,1,3,4,1,1,0,9
E01008101,Sheffield 043D,927,12,14,9,16,6,10,11,14,10,9,5,6,9,9,7,10,4,16,9,7,12,12,12,13,11,18,28,27,23,27,25,22,23,23,19,12,9,8,16,10,11,15,17,17,18,10,9,11,12,12,10,10,16,10,11,7,10,9,7,5,8,13,7,3,2,5,2,7,10,8,5,9,7,11,5,6,4,3,7,5,8,4,5,4,0,2,2,2,0,0,3
E01007965,Sheffield 044A,843,7,10,10,8,12,11,23,12,11,15,11,14,11,19,16,14,9,17,7,10,10,10,5,10,9,8,20,13,4,9,9,10,11,19,8,5,6,5,6,4,7,6,6,5,5,9,9,5,15,18,16,18,10,12,8,7,12,11,8,12,12,2,5,6,5,8,5,7,6,17,6,6,9,8,6,8,7,16,4,2,6,11,2,12,9,7,9,6,2,3,4
E01007969,Sheffield 044B,762,4,5,9,5,4,4,5,7,5,5,5,3,3,2,5,10,8,5,7,9,8,10,9,7,13,20,17,17,15,10,10,25,11,7,7,6,13,9,15,7,11,10,9,10,10,5,16,9,11,11,8,4,15,10,16,13,13,10,10,14,15,8,8,10,7,3,8,8,9,7,16,10,11,6,7,7,6,4,11,13,3,2,4,2,3,0,2,0,4,2,5
E01007972,Sheffield 044C,664,6,5,6,5,8,8,5,6,2,8,6,13,5,6,8,6,5,8,5,5,4,10,6,5,7,8,5,6,8,6,8,5,7,9,15,7,6,8,5,4,8,2,11,4,11,6,10,8,14,12,6,8,11,16,10,11,10,17,10,9,11,6,5,9,10,3,3,8,7,7,5,10,6,7,4,10,16,13,5,8,8,9,10,7,5,2,3,1,4,0,3
E01007974,Sheffield 044D,681,2,2,5,4,4,7,5,5,8,7,5,8,9,6,8,5,10,9,10,8,19,17,14,7,25,10,4,13,7,3,7,4,5,5,9,10,11,8,4,7,4,5,4,5,11,15,9,11,14,12,17,11,12,13,15,15,16,11,19,12,8,10,5,9,6,5,2,5,6,6,6,0,2,4,8,8,6,9,5,2,0,0,0,3,1,5,2,3,0,2,6
E01007963,Sheffield 045A,740,5,4,4,13,6,8,7,4,7,12,7,3,5,9,7,6,7,7,7,6,8,6,7,6,6,13,14,12,8,11,6,11,11,12,12,8,7,10,7,6,8,6,10,8,10,18,19,16,7,13,15,13,11,11,8,20,8,10,13,14,6,6,8,11,7,7,6,13,13,5,9,6,10,8,7,11,5,11,4,3,6,6,1,2,3,2,2,1,0,2,6
E01007967,Sheffield 045B,917,12,5,8,10,13,11,15,26,12,20,9,16,12,9,9,10,11,11,12,7,10,8,10,8,8,18,20,20,14,14,12,15,8,10,17,12,11,14,17,8,4,6,8,14,14,19,11,15,17,17,12,12,8,11,13,11,13,14,13,6,7,10,11,6,9,12,7,5,13,7,11,9,7,10,3,7,1,7,3,4,6,2,6,3,5,1,2,3,1,2,7
E01007999,Sheffield 045C,659,7,6,2,5,9,11,10,8,8,4,6,3,6,7,2,8,7,6,6,5,8,9,6,14,9,7,10,4,11,6,4,7,8,7,4,11,7,7,9,4,6,4,4,10,3,13,7,7,10,14,7,11,9,11,15,10,14,14,10,12,14,13,11,10,5,8,11,12,13,15,9,6,12,10,5,7,8,3,3,4,0,4,1,0,3,1,0,0,1,0,1
E01008008,Sheffield 045D,779,10,15,10,9,4,14,11,6,9,13,10,7,13,12,9,6,4,11,5,4,3,12,6,11,10,23,14,11,12,11,10,11,9,6,8,10,14,22,12,10,11,6,5,7,8,13,16,11,8,9,7,12,7,11,12,6,11,9,6,6,11,7,8,8,8,7,5,8,10,10,9,11,6,9,1,6,4,4,2,5,9,3,11,9,5,4,4,3,1,0,3
E01008009,Sheffield 045E,705,11,14,15,17,16,21,13,18,10,20,16,17,11,20,11,16,8,11,12,6,14,8,3,8,10,13,14,13,11,8,9,9,10,7,4,7,10,7,8,5,7,5,7,9,8,8,7,7,7,10,12,9,10,11,9,9,7,17,2,6,6,7,3,7,5,3,4,3,2,3,6,3,2,6,2,1,2,1,2,1,1,2,0,2,1,0,0,1,0,0,1
E01008043,Sheffield 046A,845,10,9,11,12,3,13,12,13,8,11,11,8,13,9,7,14,13,13,12,12,5,8,6,5,8,11,12,13,7,14,10,6,6,10,4,11,11,14,9,13,16,10,9,12,12,11,8,17,8,15,10,11,14,15,12,7,16,20,8,13,12,10,16,11,14,7,8,11,8,12,9,4,8,6,6,2,10,5,6,5,1,1,4,3,4,5,2,6,3,3,2
E01008044,Sheffield 046B,788,11,8,8,8,10,9,11,10,12,9,8,17,10,9,17,11,10,16,13,13,8,11,7,4,3,4,4,4,1,1,7,5,4,9,5,7,8,15,16,14,8,10,12,11,15,15,14,16,15,13,11,11,14,12,3,9,13,11,8,3,13,8,12,12,10,8,5,6,8,10,7,7,5,5,4,6,9,6,7,6,10,5,4,5,6,7,3,2,4,3,4
E01008047,Sheffield 046C,781,9,4,9,5,2,5,11,6,2,5,4,2,2,1,2,4,4,4,3,6,35,57,57,62,62,40,24,18,12,16,20,20,9,11,10,10,10,6,10,4,8,4,4,3,2,6,4,6,11,11,7,7,13,5,6,8,4,11,6,5,2,7,3,3,4,5,5,4,5,3,3,2,1,1,5,1,2,3,0,0,1,1,1,0,0,2,0,2,0,0,1
E01008048,Sheffield 046D,917,6,9,6,8,9,8,6,7,7,8,3,6,6,7,8,4,6,4,5,4,53,52,53,53,56,40,26,35,15,7,19,23,20,20,14,13,13,12,13,6,9,5,12,13,8,8,7,5,9,9,11,6,8,10,7,7,5,3,5,3,6,2,6,2,3,5,5,6,7,8,6,5,6,0,4,3,4,0,0,2,1,6,1,4,3,1,0,0,0,0,1
E01008050,Sheffield 046E,852,8,14,11,17,8,7,9,12,3,12,5,6,8,2,2,4,5,11,3,7,35,32,29,45,36,19,39,20,19,27,14,23,19,17,14,17,18,16,16,17,7,8,11,6,9,9,10,9,12,7,10,13,4,11,8,3,5,4,4,2,9,3,1,6,7,8,5,5,5,5,3,0,3,1,1,1,0,2,0,0,0,2,2,0,0,0,0,2,0,1,2
E01007931,Sheffield 047A,744,5,12,11,14,15,6,9,10,9,10,22,13,16,12,10,6,6,8,8,5,5,5,4,2,0,3,4,5,2,4,8,8,4,6,3,7,8,7,12,10,7,8,10,13,10,8,13,8,11,7,9,12,16,11,17,11,7,7,9,8,19,13,13,10,6,13,3,15,8,12,15,7,10,5,6,14,3,10,4,7,1,3,3,5,4,7,3,4,1,2,2
E01007934,Sheffield 047B,731,12,6,13,5,15,14,11,11,17,13,17,11,9,7,14,10,7,10,8,7,5,5,8,4,5,1,3,5,10,7,9,10,8,7,7,4,8,4,7,12,12,13,13,9,7,16,11,19,7,14,11,7,6,10,12,14,6,12,13,8,8,4,9,10,8,11,7,10,7,10,11,7,7,4,9,4,3,3,1,1,7,3,7,0,2,4,0,0,3,2,3
E01007935,Sheffield 047C,738,21,11,19,10,15,11,10,15,7,9,5,4,7,7,8,13,13,10,13,9,19,18,10,16,26,20,12,10,7,7,11,9,15,10,8,13,15,15,19,10,13,12,7,6,9,10,10,5,7,5,12,16,8,13,10,4,4,7,6,4,11,8,2,8,8,0,6,3,1,8,7,3,1,1,2,1,0,1,1,0,1,0,0,2,0,2,0,0,2,0,4
E01007936,Sheffield 047D,828,14,11,13,9,12,23,14,12,11,11,10,6,14,4,8,10,9,6,12,5,9,15,18,20,20,16,14,17,25,18,19,19,22,13,10,20,16,18,23,9,15,9,18,19,11,12,10,9,17,11,13,14,8,5,9,7,4,7,6,7,2,2,2,5,4,2,5,3,8,3,1,2,2,3,2,0,2,4,0,1,0,0,1,2,0,3,0,0,0,2,1
E01007937,Sheffield 047E,711,7,10,6,4,9,13,10,14,7,11,12,10,11,13,9,9,9,4,7,7,7,1,7,6,10,8,4,5,5,5,6,3,10,6,7,14,13,10,16,11,9,10,12,19,10,13,8,12,14,9,12,16,11,9,7,9,6,13,6,11,7,8,7,9,9,6,10,7,6,9,9,3,8,11,2,2,5,3,4,1,5,6,1,5,2,2,2,3,1,2,4
E01007938,Sheffield 047F,714,10,7,15,15,11,13,15,17,9,9,11,10,9,12,8,9,7,9,6,7,4,7,4,5,6,7,7,4,4,3,6,3,6,7,4,13,7,7,23,10,7,13,12,13,8,9,8,7,9,9,8,14,16,10,8,7,9,11,7,10,9,7,10,6,12,6,3,8,14,10,10,7,4,5,9,6,2,1,5,3,10,7,6,2,2,0,0,0,0,0,9
E01008098,Sheffield 048A,708,9,10,10,11,16,5,9,17,12,5,15,16,12,8,9,18,13,8,16,16,16,6,7,11,9,6,11,7,9,7,10,9,9,4,3,6,7,9,7,14,11,10,8,6,12,10,10,8,8,10,12,9,8,13,8,10,7,13,6,6,10,9,6,4,7,5,6,2,5,7,6,3,2,2,3,3,3,3,3,4,6,4,3,6,1,1,0,0,2,1,4
E01008100,Sheffield 048B,622,13,12,9,14,9,11,17,9,11,10,3,7,4,7,9,6,12,5,5,7,8,7,5,10,9,15,18,14,12,13,5,4,7,7,7,6,7,8,6,5,10,8,8,5,6,5,13,4,14,8,5,11,7,11,6,6,7,8,6,9,5,11,1,9,4,9,1,8,6,5,6,3,1,3,1,6,3,4,3,2,2,2,2,3,2,1,2,1,0,1,5
E01008102,Sheffield 048C,635,10,4,16,8,11,10,11,12,14,7,14,11,4,10,2,11,4,14,12,19,5,9,5,3,7,6,7,10,7,6,5,8,9,4,5,6,14,5,7,6,3,7,4,3,7,7,8,10,3,9,8,9,4,12,7,8,8,7,6,8,6,8,14,10,6,5,5,6,4,7,7,8,5,6,5,8,2,2,2,4,7,1,2,4,1,4,4,3,2,3,8
E01008103,Sheffield 048D,601,12,16,8,14,16,13,12,11,13,10,6,9,2,5,8,7,17,12,11,9,9,7,11,6,4,9,10,10,6,2,3,11,8,8,6,10,4,9,5,7,6,4,3,5,4,7,13,7,7,4,8,10,13,5,9,12,9,9,8,5,8,12,6,1,6,4,3,4,4,2,2,2,5,3,3,5,5,5,3,2,2,3,0,3,2,0,1,1,0,0,0
E01007964,Sheffield 049A,752,12,13,8,13,12,5,8,11,9,10,5,8,7,2,10,7,8,9,8,6,11,6,9,4,5,17,14,15,6,17,7,6,9,8,4,7,12,9,8,7,2,8,14,12,10,10,12,10,12,6,6,16,13,20,18,8,12,9,8,17,3,9,7,7,13,7,4,11,9,11,12,5,5,9,7,2,4,6,5,7,5,4,3,4,2,5,2,3,1,1,4
E01007966,Sheffield 049B,727,7,2,4,6,4,11,11,8,3,13,1,10,7,7,9,6,10,10,6,10,9,11,13,11,12,17,11,13,12,8,5,9,5,6,3,5,14,7,7,6,8,10,5,13,9,15,12,15,16,10,15,11,14,13,13,16,12,16,6,9,11,9,10,8,7,13,2,4,8,9,10,4,5,6,8,1,6,2,4,8,5,4,3,1,5,2,1,0,0,0,4
E01007968,Sheffield 049C,665,5,6,3,2,16,10,9,11,13,10,13,9,12,12,12,13,13,11,9,7,16,9,6,5,7,7,10,9,6,7,5,11,6,4,5,10,11,8,7,6,6,9,6,8,5,6,8,7,2,8,9,11,12,4,11,7,8,9,11,12,5,9,6,8,8,8,8,5,6,9,5,8,5,5,5,3,4,8,4,2,2,4,3,5,1,2,0,4,0,1,12
E01007970,Sheffield 049D,846,22,20,15,2,16,11,4,3,3,4,3,6,5,8,0,4,5,4,2,3,5,6,7,8,9,14,11,12,11,9,11,14,18,19,17,7,9,6,9,5,7,9,14,12,13,23,9,9,16,9,21,20,19,14,18,15,12,16,10,13,14,9,8,6,10,4,13,7,16,12,7,6,10,3,3,7,6,8,3,7,10,11,9,8,3,3,6,4,1,4,2
E01008042,Sheffield 050A,875,8,11,8,5,9,7,9,5,8,11,9,8,5,14,10,8,8,8,13,6,14,12,14,21,11,21,27,29,20,15,15,22,15,19,16,20,12,11,20,6,15,11,13,11,14,15,17,12,13,12,9,9,12,7,11,7,7,5,6,12,15,12,12,6,7,3,7,6,4,6,4,7,0,9,3,1,3,3,4,3,3,8,2,3,3,4,0,1,1,0,7
E01008045,Sheffield 050B,714,12,9,11,7,6,12,10,10,11,16,17,10,9,10,5,7,8,7,16,11,5,10,6,9,6,12,11,13,10,13,14,9,15,7,8,13,6,9,7,8,8,10,10,10,10,9,9,14,17,8,10,8,4,10,10,8,9,12,9,5,7,7,8,13,10,11,6,7,5,4,9,8,7,8,2,1,3,1,2,1,2,3,0,0,0,1,0,1,0,1,1
E01008046,Sheffield 050C,816,16,5,14,8,8,10,13,10,11,11,10,12,12,8,7,9,7,8,6,7,9,6,5,12,10,33,19,19,18,17,25,25,29,19,20,19,13,15,15,15,10,22,15,9,8,10,6,10,9,11,9,7,12,15,5,5,12,10,3,10,5,5,6,2,10,2,4,2,0,2,3,3,2,1,3,6,1,3,2,4,0,3,6,2,2,2,0,1,0,0,1
E01008049,Sheffield 050D,829,8,4,4,8,3,6,7,7,6,8,10,9,9,7,9,9,3,6,7,2,17,11,19,19,37,18,24,12,11,19,5,9,14,7,8,10,12,8,9,9,13,14,12,14,7,8,11,16,13,11,8,10,9,8,11,8,10,8,14,8,5,8,17,13,11,12,9,13,11,8,11,6,5,8,6,3,8,8,2,5,3,5,3,2,3,2,1,4,0,4,10
E01008051,Sheffield 050E,906,12,8,9,14,15,15,13,13,17,8,12,8,13,9,7,10,9,13,9,7,9,1,8,6,11,22,26,28,27,31,16,20,15,12,17,19,18,26,16,17,12,10,11,8,14,14,12,16,9,15,18,9,13,9,12,8,5,4,2,9,16,4,7,9,5,4,5,6,2,5,5,4,3,5,8,3,2,2,2,3,3,5,1,3,0,0,7,0,2,3,6
E01008052,Sheffield 050F,"1,084",11,12,11,13,10,11,11,11,6,8,7,16,13,15,9,13,13,5,7,5,8,4,14,23,18,33,30,36,34,33,23,18,22,19,27,21,23,22,19,16,23,24,16,11,20,10,16,14,16,19,13,16,14,17,10,13,16,10,5,15,11,6,6,7,11,7,7,9,9,10,7,4,8,4,3,2,2,3,1,0,6,3,2,2,2,1,1,1,0,0,1
E01007975,Sheffield 051A,807,9,12,10,3,10,10,6,14,11,12,7,9,8,9,5,7,12,3,12,5,3,13,5,7,11,12,11,14,11,18,17,11,12,6,12,12,14,12,15,9,15,5,7,12,10,16,13,9,12,16,15,16,11,8,7,11,10,3,11,8,9,10,3,4,4,11,5,7,10,17,10,8,11,14,8,7,9,9,5,2,4,6,7,1,4,2,0,0,1,1,4
E01007976,Sheffield 051B,693,10,10,8,10,12,4,6,11,12,4,7,5,3,4,6,1,6,9,5,3,8,4,6,7,6,16,15,14,10,8,12,13,15,4,13,10,6,7,6,5,4,6,10,10,10,9,15,16,9,15,7,12,7,8,10,9,18,15,12,11,9,6,8,12,7,11,7,5,11,7,9,4,4,3,2,7,3,5,5,2,10,4,3,3,3,0,3,1,1,1,3
E01007977,Sheffield 051C,817,13,10,11,12,9,7,12,5,6,12,5,14,5,6,8,5,4,5,4,6,11,8,8,13,10,12,15,16,11,16,17,16,20,11,15,14,15,10,16,11,12,10,10,6,9,8,7,11,11,10,13,16,12,9,19,15,12,6,8,5,7,10,11,8,6,12,6,7,16,9,5,5,6,4,10,2,4,5,3,5,3,4,5,5,5,4,5,1,4,1,6
E01007979,Sheffield 051D,819,16,20,27,18,23,20,18,21,25,9,15,12,9,14,12,16,14,16,16,7,13,8,5,13,12,22,16,17,14,11,21,14,14,9,9,12,8,7,9,5,8,5,5,7,4,10,4,4,3,5,9,10,5,9,11,7,13,12,4,7,5,9,2,6,6,8,4,6,3,4,9,1,3,2,2,2,1,8,1,3,3,2,4,2,0,4,3,1,3,2,1
E01008099,Sheffield 051E,836,16,8,9,18,6,5,10,5,8,8,3,7,2,2,7,10,13,6,8,8,15,20,21,19,15,14,12,18,11,17,21,25,18,20,25,22,13,29,21,16,7,8,6,12,6,12,9,17,17,9,10,13,5,8,9,13,7,10,7,5,9,5,6,9,2,4,6,5,7,2,2,2,3,2,2,8,0,4,8,5,2,3,3,2,3,1,2,0,3,1,4
E01008000,Sheffield 052A,711,11,7,3,6,6,13,7,5,6,8,4,3,7,6,2,4,4,7,10,1,16,10,13,9,6,10,8,7,11,13,6,9,6,8,11,6,11,9,11,9,5,5,5,5,5,9,9,12,11,15,7,11,9,12,11,4,12,5,4,11,10,10,12,14,11,6,7,10,6,13,8,7,13,4,15,8,8,9,7,11,8,1,6,6,5,4,2,3,0,3,8
E01008001,Sheffield 052B,753,5,12,9,10,13,10,9,7,6,5,10,7,6,8,7,8,7,7,4,8,10,7,11,6,6,19,9,8,9,6,12,11,11,7,5,5,6,7,10,6,1,9,11,8,6,16,13,10,12,9,17,16,13,9,4,7,16,6,9,12,11,12,6,9,6,5,4,7,11,9,9,7,11,14,12,6,9,9,4,4,4,1,6,3,4,7,6,6,6,1,11
E01008004,Sheffield 052C,769,5,7,9,10,7,8,7,6,13,9,13,12,9,8,7,11,12,14,7,3,9,9,12,9,10,8,14,5,7,11,4,3,6,5,4,12,8,11,14,8,2,4,11,6,13,13,11,8,13,8,18,16,9,17,9,15,6,7,12,12,13,13,5,7,9,9,14,14,13,10,6,2,8,9,2,7,9,7,6,10,4,4,5,4,1,6,3,1,3,3,6
E01008005,Sheffield 052D,762,4,6,4,7,4,7,7,9,7,11,15,12,18,8,10,11,6,6,8,10,2,4,6,5,6,16,15,10,11,11,6,13,7,11,8,9,8,6,12,12,6,5,5,7,9,6,9,15,13,13,13,9,9,9,9,6,16,8,15,10,11,9,13,11,10,11,6,7,11,8,10,7,8,10,6,6,7,11,6,6,9,2,4,4,6,4,4,4,2,2,7
E01008010,Sheffield 052E,661,9,9,11,10,4,13,9,13,15,11,6,6,13,10,11,8,6,13,5,7,17,4,8,4,11,4,11,11,15,10,9,11,8,6,5,6,14,6,10,5,10,8,5,8,5,9,7,8,17,7,12,9,9,6,9,9,5,7,8,4,6,3,8,5,3,6,4,4,9,7,12,3,3,4,1,3,4,5,5,6,3,7,4,2,3,4,3,5,0,0,3
E01007978,Sheffield 053A,808,14,16,6,14,16,9,6,6,7,8,11,8,4,8,5,8,6,9,8,11,7,14,3,7,18,17,24,22,14,21,7,17,8,18,24,17,15,11,8,16,19,8,8,14,18,12,10,15,13,8,19,14,4,15,8,14,11,3,7,11,9,11,10,7,7,9,4,4,4,7,3,4,3,4,2,3,4,1,2,3,0,0,1,1,0,0,2,2,0,1,1
E01007980,Sheffield 053B,735,12,8,3,7,6,12,11,7,12,9,7,9,7,10,5,7,10,6,3,7,3,3,7,5,6,10,9,13,14,11,12,16,14,24,16,17,20,21,18,20,13,9,14,12,11,15,11,10,13,12,18,18,16,9,6,10,14,12,3,10,5,5,13,6,8,5,0,3,4,4,2,1,2,2,4,1,1,1,5,1,0,0,1,0,0,1,3,0,0,1,3
E01007981,Sheffield 053C,836,12,8,19,13,20,11,8,7,12,4,19,14,8,9,11,6,11,2,3,3,4,12,6,10,11,18,28,21,20,20,11,11,15,10,15,17,12,13,17,15,11,6,7,10,7,15,17,9,16,18,16,14,10,7,11,13,10,17,13,12,4,8,5,7,13,8,4,7,4,6,5,6,6,0,4,2,2,3,0,3,0,2,2,2,1,1,1,1,0,0,4
E01007983,Sheffield 053D,757,11,15,10,8,11,6,7,8,11,13,13,8,8,6,10,7,5,6,12,7,4,3,6,5,10,13,10,16,12,15,13,19,15,15,12,11,17,22,10,15,19,15,13,19,17,12,19,10,20,20,7,6,8,11,10,13,7,7,8,8,10,5,7,8,5,4,2,2,3,3,7,1,5,0,1,1,2,1,2,1,1,1,5,1,0,2,0,1,0,0,2
E01007985,Sheffield 053E,740,16,15,10,5,4,5,5,9,15,7,5,5,7,7,14,4,10,8,8,6,7,7,6,4,7,12,9,7,9,14,5,10,14,11,16,12,8,9,12,11,8,10,13,8,15,9,13,6,7,8,13,12,14,14,14,15,5,10,13,7,11,10,8,7,10,5,2,6,5,9,9,7,1,9,8,2,9,2,6,3,6,6,4,3,1,4,4,3,1,2,8
E01007982,Sheffield 054A,993,9,20,22,10,12,13,19,19,12,14,21,14,12,9,18,10,18,13,24,11,17,14,17,12,14,23,21,13,23,18,15,11,9,12,10,11,11,19,17,14,10,12,11,15,8,18,16,18,16,14,8,11,5,11,10,10,7,5,12,10,12,14,13,4,5,10,8,6,7,8,10,5,10,6,6,2,3,5,6,3,3,4,2,1,3,1,0,1,5,1,1
E01008002,Sheffield 054B,758,9,1,12,8,3,5,8,6,11,6,2,5,7,5,4,4,5,10,4,6,7,13,4,6,8,5,6,10,8,8,12,14,3,8,11,7,11,16,10,9,8,9,5,10,5,10,12,12,13,8,10,7,11,12,12,13,8,14,13,11,15,10,4,18,5,10,17,11,14,13,12,6,5,6,8,13,7,1,14,8,9,9,8,6,4,10,2,4,2,5,2
E01008003,Sheffield 054C,659,5,10,5,5,6,5,4,4,3,3,9,4,7,7,5,5,6,8,13,12,10,3,6,7,6,10,11,16,10,8,8,10,8,6,10,2,8,14,6,9,7,10,6,8,10,10,16,6,8,8,12,8,7,8,10,8,14,10,6,12,14,7,6,10,6,10,8,6,7,6,14,12,5,13,7,1,4,3,9,4,2,2,4,2,2,5,2,4,4,1,1
E01008006,Sheffield 054D,709,4,7,5,5,5,5,5,5,1,3,5,6,3,4,7,4,6,9,7,8,4,5,7,8,9,14,13,7,12,9,4,8,9,7,4,9,3,5,7,9,3,6,6,7,5,9,11,14,11,5,17,15,11,15,13,16,11,9,8,14,7,13,8,8,16,9,8,6,11,14,13,6,10,8,13,5,6,18,3,8,12,5,7,6,6,4,1,5,2,1,7
E01007927,Sheffield 055A,812,5,5,10,10,6,7,9,9,11,9,8,18,13,9,12,14,15,13,18,7,4,3,2,3,4,6,3,3,1,2,3,4,4,4,4,5,9,7,7,5,9,14,12,8,11,8,9,9,11,10,15,13,12,11,16,11,15,11,11,17,10,9,8,9,14,8,18,8,9,13,19,13,17,19,11,6,5,18,10,6,5,11,6,2,4,11,2,3,3,3,8
E01007928,Sheffield 055B,848,8,9,9,10,12,12,7,13,13,13,20,14,18,14,13,11,15,14,20,8,2,4,3,2,4,7,3,5,4,5,4,3,5,6,6,9,2,6,12,7,9,8,15,7,11,8,7,13,15,16,12,14,14,8,12,13,11,13,9,14,9,14,5,18,6,6,15,15,13,18,11,12,9,13,9,9,5,9,10,8,4,6,5,6,4,1,9,3,1,1,13
E01007929,Sheffield 055C,881,8,12,12,14,23,7,11,17,6,8,18,15,14,7,11,9,14,7,12,8,5,3,6,5,5,15,6,11,10,6,12,10,6,6,7,8,9,10,9,11,13,11,15,11,11,11,13,17,18,14,13,12,16,9,11,12,10,13,13,8,10,11,11,9,9,11,12,11,12,12,11,9,10,7,5,6,3,11,5,7,3,5,8,2,5,0,7,3,0,2,20
E01007930,Sheffield 055D,677,5,13,5,7,5,6,9,8,9,8,11,13,6,7,13,11,11,12,9,5,3,3,4,1,3,7,4,5,3,2,5,5,4,3,5,4,6,7,12,6,11,7,7,10,16,11,9,9,12,12,7,18,13,14,19,6,9,14,11,9,13,11,8,9,5,11,5,8,13,11,6,6,4,5,3,2,1,7,4,3,4,9,6,8,2,4,4,1,4,1,10
E01007932,Sheffield 055E,649,5,6,4,8,10,13,12,5,7,7,4,9,10,15,9,8,4,8,6,4,7,5,7,8,8,10,5,4,7,6,4,4,4,2,3,4,9,4,6,3,7,12,15,6,5,9,6,9,12,9,13,13,13,5,6,11,11,9,13,10,8,6,5,9,5,7,7,4,10,9,12,15,7,3,7,8,5,9,6,7,10,1,1,8,8,0,3,3,1,2,5
E01007939,Sheffield 055F,763,5,3,6,5,16,6,10,13,11,11,9,8,6,13,12,17,16,10,15,6,4,5,5,4,5,8,3,3,6,5,4,3,4,4,4,4,9,4,8,9,6,10,9,14,12,15,15,13,12,12,12,21,11,13,15,8,7,15,11,8,19,15,9,8,9,8,8,8,11,15,11,10,2,7,7,7,7,6,8,1,7,9,4,5,5,4,3,0,2,1,9
E01008028,Sheffield 056A,734,7,10,8,10,10,15,5,8,8,10,10,13,4,12,5,8,8,8,7,4,7,9,7,9,7,16,12,9,10,8,4,8,7,13,8,10,12,11,5,7,13,8,8,7,21,4,13,13,8,11,10,14,13,14,20,15,9,15,11,12,8,8,8,3,6,4,6,7,6,6,8,10,5,7,6,4,9,5,3,3,5,2,5,3,3,0,1,1,2,0,2
E01008029,Sheffield 056B,734,6,7,5,11,14,6,18,16,11,12,9,9,10,13,3,10,20,17,12,13,11,8,11,9,9,12,9,12,11,11,8,9,9,6,12,10,9,11,8,6,12,11,2,11,13,6,10,11,4,9,17,13,10,7,15,5,4,6,4,4,7,8,3,10,6,8,6,8,11,8,12,9,4,10,6,7,1,6,1,1,3,2,2,1,0,1,0,0,1,0,5
E01008032,Sheffield 056C,636,5,7,7,8,9,11,6,7,12,8,11,10,11,4,7,6,9,8,6,3,9,7,7,9,12,12,10,11,8,14,4,6,6,6,6,6,12,12,4,5,7,9,15,3,4,10,12,13,9,14,5,8,9,9,12,13,6,11,4,10,8,8,7,5,12,2,6,5,6,5,5,6,4,2,6,4,4,4,3,7,5,4,1,2,2,1,0,1,1,2,4
E01008034,Sheffield 056D,794,7,8,7,9,12,5,7,11,8,18,13,13,7,9,9,8,9,11,6,13,12,9,7,7,12,16,12,19,9,16,8,8,14,5,9,8,7,12,8,11,5,8,3,7,10,12,15,13,14,14,13,11,12,18,8,13,22,16,22,14,9,8,14,12,10,7,7,6,6,4,7,1,7,3,5,4,3,1,2,5,4,2,3,4,3,1,1,1,1,2,2
E01007828,Sheffield 059A,801,14,11,9,14,13,12,9,9,8,6,11,10,14,11,12,9,8,12,9,10,14,5,9,7,6,13,12,7,6,8,13,15,8,13,12,17,11,13,16,9,7,6,9,6,10,13,15,13,14,17,16,17,14,17,14,13,6,10,10,11,10,8,10,9,6,6,4,7,8,5,3,5,2,4,2,2,2,6,6,1,5,2,5,4,1,3,3,2,3,0,4
E01007829,Sheffield 059B,721,9,11,10,6,8,10,5,9,5,3,8,9,2,8,5,7,6,6,4,3,4,5,14,8,8,21,14,19,7,20,15,20,12,8,12,10,16,21,17,10,9,11,7,7,7,11,6,11,11,11,6,14,15,8,9,8,6,8,7,8,7,7,6,7,13,5,6,11,1,5,6,6,6,3,3,4,3,2,4,5,7,2,5,6,2,2,3,2,1,2,4
E01007831,Sheffield 059C,727,12,9,6,9,11,6,13,9,9,15,14,12,11,12,13,5,4,3,4,4,4,10,8,13,12,17,11,6,10,12,17,16,9,17,11,2,10,11,11,6,5,9,14,10,9,13,8,8,10,11,10,15,12,10,18,12,8,7,5,8,11,9,6,6,4,6,8,4,5,6,5,5,4,6,6,3,5,9,3,2,0,2,1,4,1,1,2,2,1,0,4
E01007832,Sheffield 059D,754,9,12,8,6,12,9,9,5,10,6,6,8,5,6,2,8,5,12,7,7,10,2,7,8,11,20,13,20,21,16,10,14,9,10,9,12,12,14,8,7,4,9,10,14,9,8,8,7,19,17,8,13,12,11,16,10,8,7,11,13,14,7,9,10,9,5,9,3,4,5,15,4,5,9,4,2,3,5,5,8,1,5,4,1,2,1,0,1,1,0,4
E01007986,Sheffield 059E,658,4,9,6,8,8,5,5,8,3,4,5,8,8,3,5,5,9,9,5,1,5,4,5,8,10,13,14,24,19,9,13,14,14,8,10,14,9,8,15,10,17,18,13,11,9,13,13,14,15,11,8,5,9,12,15,8,4,4,8,8,7,4,6,6,6,2,4,5,3,5,2,6,2,5,2,3,2,2,3,5,6,2,2,2,2,0,1,1,1,0,2
E01008007,Sheffield 060A,926,17,16,11,11,10,3,11,12,13,9,20,17,8,22,16,8,7,11,8,11,11,11,10,15,10,18,11,13,5,10,12,10,9,9,11,9,10,9,13,9,15,5,7,7,10,12,16,12,16,21,19,12,14,21,13,14,14,17,13,15,13,9,8,6,4,7,7,9,4,9,10,6,3,9,10,3,6,8,6,1,8,9,7,2,1,2,8,4,4,7,7
E01008075,Sheffield 060B,718,7,10,12,15,12,12,12,21,12,16,9,7,10,11,14,10,22,13,11,9,6,7,11,6,15,20,21,16,15,12,11,5,9,7,6,17,15,12,10,9,10,13,9,5,8,9,9,11,7,6,20,20,6,5,3,4,4,6,3,7,5,4,1,7,4,1,5,4,6,1,2,3,2,3,2,3,5,2,2,1,1,2,2,1,0,2,2,2,2,0,1
E01008076,Sheffield 060C,669,16,6,23,13,3,10,13,10,15,8,12,9,16,6,14,10,7,6,7,7,10,5,6,8,9,14,10,12,17,10,11,9,13,11,4,6,12,6,5,8,6,11,8,6,8,9,9,8,6,9,8,8,10,9,6,8,1,8,5,9,5,2,9,6,3,10,11,2,7,5,5,7,4,6,2,2,2,3,8,3,5,2,1,1,1,4,0,1,2,0,1
E01008077,Sheffield 060D,724,9,13,5,4,9,9,10,6,14,5,6,11,11,5,5,9,3,13,10,7,9,9,6,7,13,16,12,10,6,13,9,13,12,15,10,8,10,9,6,9,4,5,7,7,8,6,6,7,20,11,8,7,9,14,11,13,6,8,8,14,9,5,6,6,6,12,9,12,8,3,14,9,9,5,6,3,2,5,6,3,3,3,5,1,4,4,4,5,4,4,4
E01008031,Sheffield 061A,676,4,9,4,13,4,3,5,7,6,8,9,4,6,7,6,5,3,5,11,7,8,9,10,9,8,15,12,11,10,11,5,6,6,2,6,9,5,7,10,4,5,9,3,9,8,6,16,12,9,5,13,9,15,14,11,9,13,13,12,12,8,11,8,13,9,9,8,10,10,11,8,12,5,6,4,5,5,5,6,4,6,4,1,2,2,2,0,1,3,2,4
E01008033,Sheffield 061B,605,2,4,1,4,3,3,5,4,3,5,2,3,3,2,4,4,5,9,4,6,6,3,8,7,7,8,5,12,6,6,5,5,7,6,5,6,5,3,5,4,8,6,4,8,4,10,8,9,8,6,13,11,14,9,10,18,15,11,14,13,17,5,9,11,4,12,11,12,11,8,16,8,11,11,7,5,3,5,7,4,7,5,5,4,4,3,3,0,0,1,2
E01008038,Sheffield 061C,677,4,4,7,3,6,2,1,7,5,2,3,6,6,6,9,5,6,9,4,5,4,7,8,11,6,6,5,11,9,4,6,2,7,1,4,6,10,5,1,7,3,3,4,6,6,12,8,9,11,7,9,6,7,6,10,15,18,6,10,14,17,9,11,5,9,11,12,10,11,12,19,10,17,18,12,9,9,7,11,5,5,8,6,9,5,2,8,4,2,3,11
E01008040,Sheffield 061D,807,6,7,7,4,9,11,9,15,12,12,5,8,10,11,10,11,10,7,12,9,6,8,11,6,10,11,8,19,15,12,9,14,11,14,7,9,8,10,10,6,9,9,10,11,16,18,18,8,6,12,19,10,16,19,15,8,14,10,13,6,10,16,10,10,14,6,5,4,13,6,8,10,6,5,10,5,1,4,6,3,1,2,4,1,1,1,0,5,2,0,2
E01007835,Sheffield 062A,693,4,6,6,7,7,7,7,4,2,5,9,2,8,8,4,10,5,11,10,12,9,7,9,8,6,7,11,7,4,15,3,7,8,4,3,5,10,6,11,5,4,4,4,7,10,8,5,5,7,8,8,16,12,12,15,12,15,8,7,10,7,6,9,7,9,9,10,9,10,10,10,11,8,11,5,7,6,9,6,7,8,8,3,5,6,9,1,6,6,7,12
E01007836,Sheffield 062B,773,3,2,6,6,5,7,9,6,4,8,4,7,5,10,8,9,12,15,6,8,11,10,6,6,5,9,15,8,9,9,14,7,11,10,6,7,19,2,10,8,6,7,7,11,7,6,13,10,12,10,15,15,9,22,11,14,15,11,3,12,8,9,9,8,11,8,3,6,8,11,15,10,11,13,7,4,6,10,9,5,12,10,9,10,2,3,2,4,2,5,5
E01007843,Sheffield 062C,801,13,6,10,10,14,10,17,10,10,20,11,13,9,19,13,8,4,9,3,3,9,7,5,6,5,14,15,17,12,8,10,8,6,7,4,9,9,14,10,2,8,17,11,18,7,11,20,9,5,13,8,12,8,10,7,8,13,12,5,20,10,12,8,5,6,2,18,5,10,8,5,6,9,1,5,7,12,6,6,6,4,3,5,3,3,1,2,2,0,3,17
E01007846,Sheffield 062D,698,9,7,4,4,5,5,7,7,11,9,5,6,4,9,5,9,8,5,6,8,9,15,7,16,6,12,10,11,11,6,10,9,5,3,5,5,14,7,3,10,7,4,9,10,7,11,10,8,15,9,14,11,10,8,8,11,13,12,12,6,8,6,9,9,7,7,10,4,6,9,18,8,7,6,5,5,5,3,5,4,5,8,9,8,2,6,5,3,3,4,2
E01008030,Sheffield 063A,674,11,11,14,5,9,7,12,7,9,11,5,15,4,8,10,12,8,11,12,3,5,7,7,5,7,8,11,9,12,11,9,9,9,7,8,6,8,12,7,7,5,7,10,11,12,10,15,9,9,8,14,9,12,13,11,8,8,6,9,7,9,9,5,7,7,8,6,11,9,6,8,1,5,6,2,10,3,3,1,2,2,2,4,0,2,1,1,1,1,0,1
E01008035,Sheffield 063B,587,5,3,8,5,8,4,8,6,11,6,9,4,4,8,3,9,1,7,6,5,7,6,6,10,8,7,4,6,7,5,4,4,3,3,5,5,9,9,4,5,5,2,11,8,12,4,10,14,9,8,6,9,13,6,9,15,9,11,10,9,18,9,5,13,8,3,4,8,7,7,6,6,10,4,3,4,8,3,8,8,11,2,3,3,1,1,0,1,3,1,2
E01008036,Sheffield 063C,704,6,9,7,10,7,6,11,10,9,10,8,9,5,6,8,7,6,6,5,5,12,9,12,6,13,13,14,13,15,8,11,8,8,4,7,4,7,5,11,5,5,9,11,8,16,8,2,11,8,18,10,8,12,9,13,21,13,17,11,17,7,11,11,5,4,11,5,5,7,9,5,3,5,6,3,8,2,3,1,3,8,4,2,2,2,1,3,0,0,1,5
E01008041,Sheffield 063D,672,4,5,7,6,8,15,6,10,7,13,11,9,5,7,7,6,9,5,11,11,5,6,4,6,6,10,5,8,8,3,7,8,11,9,2,12,6,8,8,7,7,5,9,13,10,14,10,11,19,10,16,14,10,16,19,20,13,11,15,10,16,10,6,15,8,6,6,7,4,4,4,1,3,2,3,2,2,3,1,3,1,0,1,1,1,1,0,1,2,0,5
E01007827,Sheffield 064A,752,11,11,7,6,7,10,11,8,13,12,5,15,3,1,8,5,5,5,4,9,3,6,6,5,5,9,8,7,9,15,6,10,8,9,14,13,9,21,7,8,6,10,9,9,8,3,11,12,7,8,8,6,12,13,13,15,15,17,10,12,14,13,9,13,9,6,11,6,11,9,15,16,5,7,7,8,6,7,8,6,2,3,3,4,3,2,3,0,0,2,6
E01007830,Sheffield 064B,709,6,10,2,6,2,4,6,10,7,5,9,3,8,8,11,13,7,12,11,1,5,6,7,8,6,5,9,6,5,5,5,6,5,6,4,8,4,8,7,6,9,7,8,6,5,7,18,11,7,13,11,9,14,10,13,17,14,17,12,10,9,10,10,5,10,8,18,9,9,8,14,12,4,12,10,7,3,5,7,10,5,1,4,2,2,5,8,6,2,3,11
E01007833,Sheffield 064C,722,6,8,3,3,5,3,9,7,2,7,5,11,6,9,6,9,8,6,7,7,5,4,6,8,8,11,3,4,10,3,2,2,6,6,9,4,4,5,11,3,6,7,7,11,10,7,13,6,15,16,15,11,10,8,9,11,15,9,11,5,14,10,11,4,13,10,11,11,17,15,13,12,11,11,12,11,11,10,10,6,9,8,6,5,3,5,2,7,2,4,5
E01007984,Sheffield 064D,746,11,5,13,7,14,3,10,7,9,7,10,11,10,13,7,7,8,10,6,6,7,4,4,6,7,8,6,4,5,13,5,14,10,14,10,12,7,10,12,7,11,13,14,9,12,10,15,10,9,17,7,13,8,13,13,15,10,15,13,7,6,4,10,6,5,4,7,11,6,4,8,11,7,9,4,3,6,9,5,4,10,6,3,2,5,1,6,2,0,1,8
E01008078,Sheffield 064E,672,10,8,4,6,10,8,4,5,11,9,3,6,7,6,7,2,2,10,6,3,7,7,6,4,4,5,8,7,4,5,4,7,4,4,6,7,10,11,8,8,5,6,4,9,12,6,8,10,8,17,4,9,11,12,9,7,8,9,15,7,13,12,13,9,11,15,10,13,9,13,11,8,9,8,10,10,3,4,11,4,11,10,7,4,3,3,2,0,1,2,4
E01008079,Sheffield 064F,656,4,5,13,7,9,8,5,5,9,5,9,14,13,10,13,8,4,11,8,5,3,3,3,4,4,2,3,3,2,3,9,5,9,5,8,3,1,7,6,9,9,10,8,8,14,4,13,14,13,3,14,9,12,10,7,12,11,8,9,14,7,7,3,4,13,9,11,7,12,10,10,6,12,12,8,5,3,3,6,3,6,5,4,7,2,3,1,2,0,2,14
E01008019,Sheffield 065A,927,21,17,10,10,12,18,14,12,17,16,9,15,11,16,9,10,10,9,13,11,13,7,12,7,10,17,9,13,10,9,9,9,21,10,15,9,11,15,16,9,11,11,14,12,15,16,20,15,12,19,14,12,17,11,9,16,12,9,6,10,10,8,5,8,8,11,6,6,12,7,11,10,7,10,9,8,6,4,7,3,4,2,2,3,1,3,1,0,0,0,3
E01008020,Sheffield 065B,687,7,10,4,8,2,6,11,5,10,10,1,9,6,6,7,2,1,5,5,2,7,10,10,9,13,11,5,9,13,6,12,3,9,14,7,6,9,6,12,4,4,2,10,5,7,9,8,12,10,9,6,12,9,9,13,7,11,10,14,11,17,12,15,10,18,8,7,12,11,13,11,5,4,6,12,5,5,5,4,6,6,3,3,0,1,4,2,1,3,1,7
E01008022,Sheffield 065C,744,12,7,12,8,11,7,10,12,5,15,6,5,12,8,12,6,4,8,8,3,8,5,10,10,7,17,11,18,13,7,12,8,14,12,10,5,11,5,6,13,8,7,12,8,16,14,19,15,8,12,15,22,12,10,13,9,10,8,9,5,10,4,8,6,8,9,7,5,8,9,3,7,6,5,5,6,4,3,4,4,2,4,5,2,1,0,0,1,1,0,2
E01008027,Sheffield 065D,762,6,10,5,14,8,11,12,16,10,17,4,8,6,9,10,14,6,10,16,8,8,5,9,4,13,8,19,0,14,14,12,14,7,8,4,13,7,10,12,11,5,12,11,11,12,10,17,11,7,7,21,14,5,8,9,7,8,9,7,6,5,10,5,5,8,7,6,7,9,4,10,13,7,13,6,6,6,8,8,4,5,2,2,3,2,0,1,4,0,2,5
E01008037,Sheffield 065E,608,4,4,2,1,3,4,9,4,5,4,7,3,5,0,2,3,3,10,4,6,5,6,3,3,6,6,5,9,8,7,3,10,5,5,3,5,9,3,3,3,6,4,5,8,7,9,8,7,10,11,6,15,6,9,10,7,8,12,6,8,5,8,5,9,10,12,15,14,15,11,15,13,12,12,5,5,5,9,5,7,11,11,5,6,3,4,3,3,2,2,14
E01008039,Sheffield 065F,565,2,3,4,2,9,3,1,2,4,3,2,2,3,3,2,5,5,5,1,6,5,3,4,5,9,4,7,16,4,5,5,3,5,6,3,2,6,8,3,3,6,3,8,3,5,4,6,6,5,9,5,14,6,5,9,8,9,8,9,18,13,8,10,11,10,4,11,9,16,12,13,8,15,14,13,9,7,5,6,8,8,6,5,8,3,1,2,3,3,1,4
E01007824,Sheffield 066A,634,12,9,7,10,7,2,13,6,12,15,7,9,6,5,6,6,6,7,7,0,7,7,5,7,6,4,1,5,2,6,3,9,6,6,5,9,10,9,10,11,8,4,13,9,8,8,11,4,15,12,8,13,12,7,10,12,7,10,4,9,6,10,11,6,7,10,5,8,6,9,4,7,7,4,5,7,6,7,6,4,6,3,4,1,1,2,2,1,2,1,12
E01007825,Sheffield 066B,723,8,8,10,4,7,11,9,9,6,8,7,4,10,8,14,6,7,5,6,4,2,3,6,3,5,3,14,6,6,3,3,4,7,3,6,4,16,9,5,8,14,10,10,8,8,6,13,14,6,11,13,15,12,11,14,10,8,13,17,10,9,10,5,12,7,9,9,8,8,15,15,12,9,10,4,3,11,5,7,8,9,9,6,4,4,2,5,5,4,3,6
E01007826,Sheffield 066C,679,6,4,9,7,8,5,5,11,9,5,14,7,8,10,10,10,11,10,10,4,9,5,7,6,6,7,5,5,3,1,1,3,5,4,4,7,8,10,13,13,7,10,14,16,8,6,12,8,12,10,15,14,20,7,17,12,9,13,5,7,13,11,12,10,7,10,6,6,6,4,11,3,7,5,6,5,0,2,2,3,10,4,6,3,3,2,1,2,1,1,10
E01007834,Sheffield 066D,765,7,10,5,9,9,7,11,5,7,9,18,8,19,15,9,11,10,11,10,4,3,5,7,3,6,5,5,7,3,3,3,9,6,8,5,5,8,16,8,7,6,3,10,11,11,10,6,12,18,9,7,14,18,11,15,13,11,8,10,10,14,10,7,8,11,9,8,8,9,10,7,4,7,11,10,7,9,10,9,7,9,4,5,7,5,9,4,6,0,4,8
E01007920,Sheffield 068A,797,8,12,7,15,11,13,6,6,8,7,6,9,17,9,10,5,7,4,6,6,4,9,9,7,4,9,4,6,1,4,5,6,3,6,7,5,15,7,8,10,11,9,12,4,9,7,6,7,10,12,11,8,12,9,14,13,18,15,18,13,12,9,7,8,10,13,8,15,10,9,21,13,7,10,8,7,9,10,11,8,13,12,5,10,8,4,8,0,3,2,8
E01007921,Sheffield 068B,731,9,6,12,8,11,9,7,6,7,14,9,11,7,9,11,6,9,10,5,6,4,2,6,6,7,6,3,9,4,9,5,6,7,4,4,7,6,7,3,8,11,3,4,12,9,12,9,9,8,8,13,14,7,10,10,6,12,10,15,8,11,10,9,11,11,10,7,11,7,6,9,12,9,15,13,7,2,7,11,8,14,8,5,4,6,7,4,3,3,3,13
E01007923,Sheffield 068C,888,9,5,10,9,17,8,8,16,15,14,16,13,14,9,14,10,12,11,9,7,5,8,8,4,7,4,4,5,2,3,3,8,8,5,5,13,7,7,14,22,10,15,10,9,12,14,15,19,17,14,15,7,16,13,18,19,14,12,12,17,10,14,10,16,8,11,5,10,9,11,12,11,5,12,8,10,8,6,4,7,7,9,5,4,3,4,6,5,3,1,8
E01007925,Sheffield 068D,820,4,9,5,12,5,13,11,11,9,10,13,12,13,11,11,10,3,15,12,10,6,4,5,3,6,4,6,7,10,5,8,8,8,11,9,7,11,11,10,7,14,10,10,7,8,12,11,9,11,15,21,15,14,17,3,16,19,15,13,6,15,10,6,9,14,7,15,7,5,6,16,7,8,8,6,9,7,7,6,11,7,6,4,5,8,2,3,4,3,1,7
E01007926,Sheffield 068E,808,4,6,3,6,5,6,11,9,8,14,9,6,6,9,9,12,10,7,8,8,4,5,2,4,3,4,9,7,6,5,3,5,4,5,2,9,3,6,9,8,7,4,10,10,11,9,9,8,13,11,14,9,17,12,14,18,17,19,10,17,18,9,11,13,12,11,17,17,9,13,17,27,16,16,10,14,5,10,7,7,7,9,8,4,5,2,2,7,1,1,5
E01007933,Sheffield 068F,786,2,6,7,9,9,13,11,9,13,8,7,12,7,15,6,5,14,13,18,10,11,6,10,5,11,6,6,6,6,6,6,5,2,1,2,9,8,12,9,13,2,9,8,5,5,11,16,10,8,9,15,16,16,16,17,16,9,11,12,9,18,19,10,14,12,6,10,10,7,18,15,10,8,11,11,3,4,5,8,3,4,6,5,2,3,3,1,1,2,2,1
E01007823,Sheffield 069A,845,7,8,8,7,8,18,8,17,11,12,8,13,7,10,5,5,5,10,9,10,7,9,8,14,7,18,14,10,10,18,11,8,10,5,9,7,9,12,11,14,9,5,11,16,6,10,8,9,14,18,17,15,10,13,8,9,14,7,16,9,7,5,10,12,8,6,11,9,11,13,8,7,10,9,12,7,5,8,14,6,4,6,7,7,4,3,2,1,4,1,7
E01007916,Sheffield 069B,753,14,13,16,13,10,26,15,17,13,13,13,10,14,7,17,9,9,13,7,10,8,8,10,6,11,6,8,9,12,14,11,5,9,8,5,11,6,10,9,11,5,12,7,11,13,17,11,14,6,12,8,10,7,16,13,4,9,11,4,7,8,5,6,7,5,7,8,8,7,8,2,2,6,5,3,2,3,4,3,1,2,4,3,0,0,1,1,0,1,1,7
E01007919,Sheffield 069C,823,23,21,16,16,15,14,10,16,18,10,14,9,12,9,11,7,7,6,12,4,8,6,7,6,9,18,15,20,18,16,19,16,11,11,12,11,6,14,14,9,10,12,11,11,7,9,18,13,10,17,11,13,16,14,4,5,8,5,10,10,5,12,4,9,3,6,3,6,4,4,6,9,2,5,7,1,0,1,2,2,2,3,2,3,2,0,1,4,1,1,3
E01008080,Sheffield 069D,728,1,4,4,8,10,8,7,7,12,9,5,6,4,6,7,6,7,11,5,10,19,17,22,10,9,11,7,8,10,6,5,7,8,6,8,5,9,9,8,10,8,3,12,11,6,12,9,11,6,14,10,16,17,10,14,11,8,5,9,9,12,12,8,5,11,7,9,11,8,7,9,11,10,6,7,4,5,6,5,6,4,4,3,4,1,1,2,3,2,4,9
E01008081,Sheffield 070A,784,9,6,9,8,6,8,5,3,9,5,5,6,11,10,11,6,8,14,9,7,14,5,7,13,11,19,10,7,19,11,17,18,15,8,18,3,10,11,8,14,8,9,8,9,10,13,10,14,9,15,15,13,18,13,16,12,8,15,15,13,13,7,3,7,6,9,7,5,9,9,2,6,2,4,8,6,1,7,2,5,3,3,4,4,2,4,0,4,2,2,2
E01008082,Sheffield 070B,733,15,16,9,6,8,4,11,6,8,8,13,9,5,7,8,1,4,5,10,8,5,5,5,6,11,25,13,14,4,15,9,10,5,5,11,5,16,7,8,7,8,5,11,9,4,10,11,12,12,15,8,10,15,17,10,11,15,6,8,7,4,7,9,7,8,8,6,11,6,11,12,8,9,9,7,3,3,7,5,2,2,0,4,7,1,6,7,1,0,5,7
E01008083,Sheffield 070C,761,9,10,15,14,10,18,10,22,16,18,14,12,8,10,11,9,7,15,10,7,13,2,11,9,10,9,12,10,11,9,5,12,14,14,13,11,9,11,7,5,4,11,7,6,9,11,15,12,10,8,9,13,12,6,7,4,11,7,5,10,7,5,11,8,3,7,8,6,8,9,3,2,4,4,4,5,3,8,2,6,3,2,1,3,3,1,3,2,5,3,3
E01008084,Sheffield 070D,811,19,19,22,20,19,15,13,15,13,13,18,9,18,11,10,10,8,9,10,9,4,9,11,5,16,17,17,13,8,8,13,10,15,9,13,8,12,12,5,5,12,11,9,7,13,12,8,9,11,12,11,11,6,10,12,12,10,3,12,10,10,6,4,8,3,4,5,7,7,4,8,3,5,4,4,4,3,1,3,4,5,3,2,2,0,3,0,0,2,0,6
E01007915,Sheffield 071A,655,7,2,7,7,3,5,13,3,7,6,6,17,9,6,13,12,5,7,8,6,7,2,4,2,5,4,3,1,1,2,6,4,4,8,7,9,10,10,7,11,8,3,5,6,4,8,10,16,12,28,10,12,14,8,13,5,11,8,7,10,8,8,6,8,10,6,16,10,11,8,7,8,7,2,8,8,5,4,1,4,7,3,8,5,4,5,6,3,4,7,4
E01007917,Sheffield 071B,766,7,6,8,5,4,9,8,11,8,7,7,8,9,11,11,6,10,9,9,5,9,6,5,9,8,8,6,6,6,8,5,6,5,6,4,3,8,2,7,7,4,7,11,5,10,11,9,9,9,12,13,15,13,8,12,14,9,14,10,9,3,11,8,10,8,13,8,10,14,14,14,9,7,16,18,8,7,17,21,9,7,8,6,5,4,4,1,4,3,4,9
E01007918,Sheffield 071C,812,9,8,6,11,12,10,13,10,12,10,11,10,10,8,12,9,6,7,6,4,5,6,3,6,10,12,7,4,7,5,6,6,7,3,11,8,10,8,13,10,19,9,13,12,14,13,16,18,18,16,13,10,10,11,9,19,14,10,10,12,12,7,6,6,12,10,8,6,11,15,11,5,13,6,7,11,2,9,8,2,7,6,3,8,5,5,1,4,1,0,8
E01007922,Sheffield 071D,648,4,5,7,8,9,4,3,2,4,3,5,5,6,12,6,8,6,6,8,5,1,5,6,7,1,6,3,5,5,4,6,7,8,5,3,10,7,7,12,10,9,6,5,11,10,8,8,11,12,15,5,9,14,13,12,5,10,10,12,7,10,8,16,7,9,10,11,13,13,13,14,8,9,7,8,9,7,10,3,4,4,5,7,3,0,3,2,3,0,2,4
E01007924,Sheffield 071E,803,12,18,7,11,14,18,9,12,19,10,15,7,8,6,10,10,9,11,7,11,9,7,6,8,3,11,4,10,11,10,7,10,6,6,6,10,9,9,15,10,13,9,9,10,5,17,8,11,13,13,12,12,10,12,16,15,9,9,6,8,7,9,10,10,6,9,12,15,7,12,15,8,7,14,8,6,6,6,5,5,3,1,1,1,0,1,4,0,2,3,2
E01008021,Sheffield 072A,728,3,4,4,3,7,9,4,5,3,9,8,9,10,10,6,14,8,11,9,14,10,11,11,17,6,12,10,6,4,4,2,5,3,3,6,7,12,7,8,12,12,5,2,8,7,11,12,9,20,12,12,12,15,12,19,16,13,11,10,15,11,12,10,15,9,5,17,11,9,12,13,8,4,7,2,5,4,5,2,5,4,0,6,3,2,1,2,0,1,0,4
E01008023,Sheffield 072B,"1,067",6,5,13,12,7,15,9,14,14,6,13,15,15,19,18,14,13,15,21,7,14,14,17,12,13,10,31,12,12,17,5,13,12,12,10,13,12,22,17,20,12,10,26,11,16,21,23,19,22,23,21,26,19,22,20,22,12,15,9,13,11,10,9,8,9,7,12,13,5,12,6,7,8,8,6,4,5,3,0,2,1,9,3,5,0,0,1,0,1,0,1
E01008024,Sheffield 072C,844,8,9,7,10,15,11,9,8,10,9,15,15,12,10,9,8,11,12,13,4,10,9,6,12,9,11,12,12,14,10,7,10,8,8,14,13,15,12,14,11,9,9,7,11,13,9,11,17,6,17,14,17,11,25,11,16,10,7,10,9,9,11,9,5,9,8,10,10,10,9,8,9,5,5,5,7,8,6,6,5,5,5,4,3,2,1,1,2,1,3,2
E01008025,Sheffield 072D,961,9,8,9,6,9,15,10,9,10,12,8,17,8,7,6,17,11,21,9,12,8,8,6,10,7,17,14,9,12,12,9,21,15,10,12,11,8,16,14,6,15,15,14,22,18,14,15,12,21,15,16,21,13,15,12,10,6,17,11,10,12,10,16,13,16,11,9,9,9,11,11,5,10,5,9,7,5,2,6,8,4,8,5,5,6,4,2,5,1,1,6
E01032585,Sheffield 072E,672,7,2,3,10,3,9,5,3,7,6,7,4,2,6,4,7,4,6,6,2,4,3,7,4,7,3,3,9,5,4,7,9,6,5,6,6,3,4,5,8,10,12,8,11,8,10,4,5,6,13,12,9,14,10,12,14,11,13,3,11,5,9,6,12,17,8,10,14,14,20,17,20,13,18,7,15,7,4,6,6,5,7,4,6,3,3,1,1,3,1,3
E01033261,Sheffield 073A,"1,697",4,3,5,2,2,1,1,0,1,1,1,1,0,2,0,0,0,11,89,101,120,140,183,201,237,127,83,62,51,34,22,23,20,19,12,16,15,10,14,7,16,13,7,6,5,4,1,0,2,0,0,0,1,1,0,3,0,0,2,2,2,2,0,2,1,0,0,0,0,0,1,0,0,1,0,0,0,0,1,0,0,1,0,0,0,0,0,0,0,0,2
E01033262,Sheffield 073B,"2,416",10,14,13,6,9,0,1,2,4,0,1,0,0,1,1,3,0,3,76,343,368,297,204,232,173,79,84,61,52,45,41,30,33,27,13,10,7,7,9,11,10,8,11,7,5,15,5,7,2,7,4,2,4,7,5,1,1,3,3,3,7,4,5,4,3,1,1,2,0,2,0,0,0,0,0,1,1,0,0,0,0,1,0,0,0,0,0,0,0,0,4
E01033263,Sheffield 073C,876,7,7,7,17,9,7,7,5,2,4,6,12,9,9,6,4,18,4,6,15,15,25,31,37,49,40,47,46,52,32,39,44,34,30,35,10,7,14,9,13,11,10,8,10,11,2,1,1,1,1,2,5,6,5,2,3,3,3,2,1,2,0,1,1,0,0,0,1,1,0,1,0,2,3,1,1,0,0,1,0,0,0,0,1,0,0,0,0,0,0,2
E01033264,Sheffield 073D,"1,266",5,3,4,0,2,2,0,3,0,1,6,3,3,3,0,4,2,0,9,51,61,68,61,67,81,104,74,85,62,49,35,34,31,36,37,32,22,33,19,20,8,12,11,10,10,4,9,8,8,7,7,2,4,3,2,7,12,4,4,6,3,1,1,3,2,1,0,0,1,0,0,1,0,0,0,0,1,0,0,0,0,0,0,0,0,0,0,0,0,0,2
E01033276,Sheffield 073E,"3,061",1,5,2,3,1,7,10,0,4,10,0,0,0,2,2,3,0,34,178,553,360,273,239,286,264,179,126,104,86,54,46,42,35,24,20,12,14,17,9,5,4,5,8,6,3,2,3,2,0,2,1,1,0,0,0,1,2,0,0,2,0,0,2,1,0,0,0,0,0,1,1,0,0,0,0,0,0,1,0,0,0,0,0,1,0,0,0,0,0,0,2
E01008114,Sheffield 074A,"1,858",20,12,11,9,8,11,12,10,20,15,11,16,9,12,15,3,10,18,45,193,185,150,116,93,82,96,50,48,36,40,31,22,31,24,16,27,26,29,14,26,18,29,17,19,14,8,11,5,5,13,5,7,6,9,11,3,2,4,4,3,10,3,5,2,4,2,2,3,3,4,4,3,2,2,0,3,0,4,2,0,1,0,0,1,0,0,0,1,1,0,1
E01008115,Sheffield 074B,"1,058",4,3,3,3,2,1,3,4,2,1,4,5,4,3,4,8,9,8,10,32,130,163,119,100,70,46,31,21,25,20,17,16,6,9,9,6,6,6,2,5,4,6,2,4,3,3,4,3,5,5,3,7,7,4,3,5,7,1,4,3,1,3,4,2,2,7,2,5,4,3,4,0,3,0,1,0,0,0,0,1,1,1,0,2,1,1,0,3,4,0,0
E01033265,Sheffield 074C,964,4,4,4,3,1,4,1,2,1,1,1,0,0,0,0,3,5,0,6,37,57,83,72,90,78,71,51,54,36,22,15,16,17,12,12,14,16,11,9,1,5,9,15,6,7,8,10,7,7,8,1,2,2,3,4,3,5,1,4,4,2,1,2,1,1,4,4,3,2,2,0,1,2,2,1,0,0,0,1,0,0,5,0,0,0,3,1,1,0,0,0
E01033266,Sheffield 074D,"1,229",4,8,5,6,10,2,2,2,3,1,6,5,5,2,4,0,3,7,4,69,116,91,112,138,139,52,57,44,38,43,25,18,19,15,14,18,12,10,9,13,10,4,6,3,3,4,1,2,4,3,3,2,1,8,5,3,2,5,2,2,1,4,0,4,2,1,1,0,0,0,0,0,0,1,0,0,1,0,1,1,1,1,1,2,1,0,0,0,0,0,2
E01033267,Sheffield 074E,774,0,5,1,6,4,2,3,5,4,1,0,0,0,1,0,3,0,2,26,80,63,68,58,57,37,48,48,38,30,27,10,9,10,7,7,14,9,18,13,10,7,1,3,3,3,2,0,1,1,2,1,3,1,1,2,1,2,3,0,0,0,0,3,0,0,0,0,0,0,3,2,0,0,2,0,0,1,0,2,0,0,0,0,0,0,0,0,0,0,0,0
E01007878,Sheffield 075A,"1,015",14,15,9,11,10,18,11,17,11,10,8,12,12,7,12,8,15,2,7,4,11,6,10,17,6,60,27,28,14,26,38,69,36,33,24,16,10,7,11,13,18,20,23,21,16,6,6,8,10,11,8,9,5,8,6,11,11,8,8,6,5,9,5,6,6,6,3,7,8,3,5,4,5,3,5,4,2,3,2,8,4,7,3,3,2,0,1,0,0,1,1
E01007879,Sheffield 075B,874,2,4,7,11,4,3,2,3,6,4,5,5,6,9,3,9,7,8,12,4,37,30,36,25,36,24,39,26,23,14,15,10,12,13,7,5,8,8,10,6,10,8,10,12,16,9,13,6,8,8,19,11,20,8,22,11,5,4,11,4,5,6,6,4,5,5,8,7,8,3,9,4,5,5,6,10,8,2,7,5,8,5,3,4,3,6,4,2,0,0,8
E01007881,Sheffield 075C,841,7,14,15,9,13,7,9,9,20,7,4,10,13,10,6,9,11,13,6,7,11,8,11,19,16,16,17,17,15,18,22,17,20,11,10,10,8,11,15,12,10,9,8,12,18,8,7,13,11,11,6,8,11,10,10,13,12,15,10,11,6,5,10,3,7,6,7,4,5,11,4,7,7,6,5,8,6,6,1,7,1,5,5,7,1,1,1,0,1,1,1
E01007882,Sheffield 075D,"1,013",7,16,11,7,8,8,3,5,5,7,5,2,7,7,5,11,15,13,11,10,34,39,28,47,49,23,26,19,21,15,22,15,18,13,20,16,21,34,21,20,12,9,8,10,8,12,18,9,9,6,9,12,12,10,9,7,10,8,4,7,11,11,2,10,3,5,11,7,5,9,7,4,4,5,7,4,6,5,7,2,3,2,3,3,4,1,2,5,1,0,11
E01007885,Sheffield 075E,874,21,13,21,14,13,20,12,17,15,11,10,11,11,10,11,5,14,6,7,6,13,10,12,15,15,17,23,15,16,18,12,10,15,16,11,11,10,17,11,20,12,10,11,12,12,14,17,22,13,17,15,19,10,6,15,6,7,7,5,9,7,5,8,5,4,7,5,5,5,7,3,7,3,6,2,2,5,1,1,3,1,0,1,0,1,1,0,3,1,1,0
E01007886,Sheffield 075F,741,14,18,20,15,17,21,11,13,24,18,15,12,12,18,9,9,9,7,5,4,7,9,6,7,14,14,12,12,7,8,10,8,9,9,4,7,9,8,6,13,9,3,5,4,9,9,6,10,10,11,11,14,9,2,10,10,11,10,8,3,5,5,10,8,5,6,2,6,4,4,6,4,3,6,6,5,2,6,5,7,1,4,3,3,1,2,3,0,2,1,2
E01033268,Sheffield 075G,"1,949",11,10,4,6,6,44,42,31,18,47,3,4,1,2,6,7,8,11,34,108,161,133,123,91,81,47,50,35,42,32,19,20,25,18,20,42,62,43,50,46,18,18,14,13,18,12,8,13,18,17,8,4,8,15,8,13,9,12,11,9,13,8,7,10,7,8,9,8,4,7,5,2,6,9,8,6,2,5,5,10,5,4,5,1,1,1,0,1,0,0,3
E01007838,Sheffield 076A,759,9,7,10,10,8,11,10,9,9,9,6,6,8,8,11,5,6,8,9,7,10,6,4,3,5,14,18,8,16,14,4,15,10,4,15,6,7,14,7,7,9,5,10,13,10,6,9,13,10,11,17,14,15,15,15,9,15,13,10,7,13,16,12,5,14,7,2,4,7,5,11,7,4,2,6,13,10,9,3,6,4,3,4,1,1,1,2,1,2,3,2
E01007839,Sheffield 076B,787,4,6,8,8,12,9,8,9,7,9,9,8,14,9,10,6,12,6,4,4,13,13,5,7,10,16,21,12,12,19,11,9,4,4,6,10,12,13,6,13,9,18,10,12,11,8,13,10,17,21,15,12,15,6,15,13,15,15,15,7,7,11,4,5,9,3,7,8,4,6,8,7,9,5,4,4,5,6,2,6,8,4,7,1,3,0,2,3,0,2,2
E01007841,Sheffield 076C,691,5,6,3,5,8,4,5,6,6,5,10,8,11,11,7,10,4,9,4,3,11,12,14,9,10,13,11,5,10,6,12,6,5,9,8,8,5,3,5,5,5,9,13,12,15,11,15,12,12,12,16,17,10,15,14,12,11,12,10,7,5,9,9,10,8,5,5,6,5,8,9,5,12,11,7,4,2,7,3,4,4,3,6,2,2,2,0,0,0,0,1
E01007842,Sheffield 076D,738,10,10,6,5,8,6,3,3,2,3,17,9,14,7,7,4,12,3,10,11,5,7,11,10,5,23,5,20,15,12,4,5,10,6,5,6,10,5,8,9,7,15,13,10,6,5,15,11,16,16,14,11,18,16,12,10,12,9,8,10,6,6,5,6,2,7,7,8,7,10,19,9,6,8,12,6,7,3,2,4,4,3,4,3,2,3,1,4,1,0,8
E01033278,Sheffield 076E,"1,258",5,15,18,18,20,12,14,22,20,19,23,11,20,15,16,18,17,14,11,16,16,18,17,10,15,17,20,17,17,20,17,20,23,18,14,16,16,12,13,23,10,7,16,13,11,23,19,21,21,27,16,15,19,14,18,7,14,24,9,11,14,16,10,11,15,9,12,17,12,20,10,10,12,12,8,7,8,4,9,8,6,5,4,5,5,3,3,3,5,3,14
E01033279,Sheffield 076F,"1,050",9,13,9,11,9,15,11,21,14,10,11,17,17,13,11,13,13,17,8,17,15,13,14,10,13,10,19,14,10,9,14,9,14,7,16,14,9,17,13,15,7,8,16,15,15,15,16,17,10,22,21,20,13,15,18,12,4,13,10,12,15,17,13,7,18,10,8,12,14,14,13,6,14,8,10,2,7,7,2,4,5,6,7,1,2,5,4,3,3,2,18
